ind_name,individual_id,site_name,layer_name,count_type,geological_period,cultural_period,culture_period_2,start_date_cal_bp,end_date_cal_bp,mis_stage,karstic_system,karstic_system_2,open_air_site,open_air_site_2,region,country,mni,age_category,n_infant,n_juvenil,n_subadult,n_adult,gender,taphonomic_context,funerary_context,discovery_context,degree_of_excavation,hominin_species,observation,reference,Mean_MNAU_assemblage,Mean_part_abundance,OverallProportionalRep_assemblage,ProportionalRep_MNIbased_cranium,ProportionalRep_MNIbased_hyoid,ProportionalRep_MNIbased_vertebrae,ProportionalRep_MNIbased_thorax_indet,ProportionalRep_MNIbased_sternum,ProportionalRep_MNIbased_ribs,ProportionalRep_MNIbased_shoulder_indet,ProportionalRep_MNIbased_clavicle_indet,ProportionalRep_MNIbased_clavicle_right,ProportionalRep_MNIbased_clavicle_left,ProportionalRep_MNIbased_scapula_indet,ProportionalRep_MNIbased_scapula_right,ProportionalRep_MNIbased_scapula_left,ProportionalRep_MNIbased_arms_indet,ProportionalRep_MNIbased_humerus_indet,ProportionalRep_MNIbased_humerus_right,ProportionalRep_MNIbased_humerus_left,ProportionalRep_MNIbased_radius_indet,ProportionalRep_MNIbased_radius_right,ProportionalRep_MNIbased_radius_left,ProportionalRep_MNIbased_ulna_indet,ProportionalRep_MNIbased_ulna_right,ProportionalRep_MNIbased_ulna_left,ProportionalRep_MNIbased_hands,ProportionalRep_MNIbased_pelvic,ProportionalRep_MNIbased_legs,ProportionalRep_MNIbased_foot,ReMNAU_cranium,ReMNAU_hyoid,ReMNAU_vertebrae,ReMNAU_thorax_indet,ReMNAU_sternum,ReMNAU_ribs,ReMNAU_shoulder_indet,ReMNAU_clavicle_indet,ReMNAU_clavicle_right,ReMNAU_clavicle_left,ReMNAU_scapula_indet,ReMNAU_scapula_right,ReMNAU_scapula_left,ReMNAU_arms_indet,ReMNAU_humerus_indet,ReMNAU_humerus_right,ReMNAU_humerus_left,ReMNAU_radius_indet,ReMNAU_radius_right,ReMNAU_radius_left,ReMNAU_ulna_indet,ReMNAU_ulna_right,ReMNAU_ulna_left,ReMNAU_hands,ReMNAU_pelvic,ReMNAU_legs,ReMNAU_foot,mnau_proximal_appendicular_mean,mnau_lower_appendicular_mean,mnau_distal_appendicular_mean,mnau_appendicular_mean,mnau_postcranial_total_mean,mnau_top2_share_mcnaughton,mnau_upper_appendicular_mean,low_density_survival_index,mnau_vertebrae_to_thorax_ratio,all_sections_dominance,mnau_lower_upper_appendicular_diff,mnau_heip_evenness,mnau_girdle_appendicular_logratio,postcranial_continuity_hm,mnau_girdle_to_appendicular_ratio,mnau_gini,density_representation_r2,mnau_cv,mnau_girdle_appendicular_diff,mnau_full_axial_mean,mnau_arms,dominance_gap_all,mnau_girdle_share_of_appendicular,section_completeness_025_all,whole_body_continuity_hm,density_representation_slope,mnau_limb_shaft_proxy_mean,density_residual_sd
Abri Pataud I Abri Pataud II Abri Pataud III Abri Pataud IV Abri Pataud V Abri Pataud VI,1_1 1_2 1_3 1_4 1_5 1_6,Abri Pataud,Level 2,TRUE,Late Pleistocene,Upper Paleolithic,Gravettian,13500,13000,1.5,Rockshelter,NA,NA,NA,West Europe,France,6,Mixed,0,3,0,3,Indet,Funerary Context,Collective burial (Secondary deposit),Formal excavation,NA,H. sapiens,"Abri Pataud I 1_1 20-29yrs; Abri Pataud II 1_2 4,5yrs; Abri Pataud III 1_3 NA; Abri Pataud IV 1_4 7,5yrs; Abri Pataud V 1_5 NA; Abri Pataud VI 1_6 4-7yrs","Billy, G. (1975). Étude anthropologique des restes humains de l'Abri Pataud. In H. L. Movius (Ed.), Excavation of the Abri Pataud, Les Eyzies (Dordogne) (pp. 201-262). American School of Prehistoric Research, Peabody Museum, Harvard University.                                                               Henry-Gambier, D., Villotte, S., Beauval, C., Brůžek, J., & Grimaud-Hervé, D. (2013). Les vestiges humains: un assemblage original. In R. Nespoulet, L. Chiotti, & D. Henry-Gambier (Eds.), Le Gravettien final de l'abri Pataud (Dordogne, France): Fouilles et études 2005-2009 (pp. 135-154). BAR International Series 2458.",0.7520971826527382,0.12534953044212302,0.09653092006033183,0.16666666666666666,0.16666666666666666,0.041666666666666664,0,0,0,0,0,0.5,0.3333333333333333,0,0.16666666666666666,0,0,0,0.3333333333333333,0.5,0,0,0.3333333333333333,0,0,0.3333333333333333,0.21296296296296294,0.16666666666666666,0.020833333333333332,0.10897435897435898,0.04924501499447572,0.04924501499447572,0.01231125374861893,0,0,0,0,0,0.14773504498342716,0.09849002998895144,0,0.04924501499447572,0,0,0,0.09849002998895144,0.14773504498342716,0,0,0.09849002998895144,0,0,0.09849002998895144,0.06292418582627453,0.04924501499447572,0.006155626874309465,0.032198663650234126,0.08854166666666666,0.09882478632478632,0.16096866096866097,0.11268399810066476,0.0897213319088319,0.36117228527867185,0.1265432098765432,0.07291666666666666,41667.666666666664,0.20260884296120615,-0.02771842355175687,0.745166456307454,0.10372543865493482,7.999073156891136e-6,1.1092958433413913,0.36515331187531763,0.1562286219703236,0.681188519650179,0.012316001899335238,0.09375,0.08333333333333333,0.04404540064374046,1.1092958433413913,0,9.998721476076896e-6,0.15138412948494553,0.05208333333333333,0.06576963002187156
Aie Zelai,2_0,Aie Zelai,NA,TRUE,Holocene,Bronze Age,NA,4000,3500,1,Cave,NA,NA,NA,West Europe,Spain,1,Indet,0,0,0,0,Indet,Cuevas Sepulcrales,NA,NA,NA,H. sapiens,Aie Zelai 2_0 Possible burial,"ARMENDARIZ, A., & ETXEBERRIA, F. (1983). Las cuevas sepulcrales de la Edad del Bronce en Guipúzcoa. Munibe, 35(3-4), 247-354.",0.05080721747388414,0.05080721747388414,0.04524886877828054,0,0,0.16666666666666666,0,0,0.041666666666666664,0,0,0,0,0,0,0,0,0.5,0,0,0,0,0,0.5,0,0,0,0,0.125,0.038461538461538464,0,0,0.12149532710280372,0,0,0.03037383177570093,0,0,0,0,0,0,0,0,0.3644859813084112,0,0,0,0,0,0.3644859813084112,0,0,0,0,0.0911214953271028,0.028037383177570093,0.059027777777777776,0.05448717948717949,0.019230769230769232,0.04576210826210826,0.05765491452991453,0.632354303715371,0.037037037037037035,0.04666666666666666,8.332966684999082,0.3613453164087834,0.017450142450142453,0.34298247481694116,-10.73123354905517,2.6665786725542456e-6,2.185166257222955e-5,0.6647178726952654,0.006918989317856394,1.3779263167533402,-0.04576210826210826,0.04666666666666666,0.1111111111111111,0.0903363291021958,2.185166257222955e-5,0,1.999960402126754e-6,-0.028278781164294404,0.11805555555555555,0.06333512808170108
Aitzgaizto,3_0,Aitzgaizto,NA,TRUE,Holocene,Bronze Age,NA,4000,3500,1,Cave,NA,NA,NA,West Europe,Spain,1,Adult,0,0,0,1,Male,Cuevas Sepulcrales,NA,NA,NA,H. sapiens,Aitzgaizto 3_0 Disposal,"ARMENDARIZ, A., & ETXEBERRIA, F. (1983). Las cuevas sepulcrales de la Edad del Bronce en Guipúzcoa. Munibe, 35(3-4), 247-354.",0.1517094017094017,0.1517094017094017,0.07692307692307693,1,0,0.16666666666666666,0,0,0.08333333333333333,0,0.5,0,0,0,0,1,0,0,1,0,0,0,0,0,0,0,0,0,0.25,0.09615384615384616,0.24413145539906106,0,0.04068857589984351,0,0,0.020344287949921755,0,0.12206572769953053,0,0,0,0,0.24413145539906106,0,0,0.24413145539906106,0,0,0,0,0,0,0,0,0,0.061032863849765265,0.02347417840375587,0.11805555555555555,0.11538461538461539,0.04807692307692308,0.09472934472934473,0.09688034188034188,0.7042083975346687,0.07407407407407407,0.09333333333333332,4.166587501979117,0.563366718027735,0.04131054131054132,0.33739876473612856,-0.12817374983125626,3.999861207106308e-6,0.8797005180486666,0.6762615562403698,0.33594691870284854,1.697293713119509,-0.011396011396011402,0.30166666666666664,0.05555555555555555,0.42252503852080125,0.8797005180486666,2,3.3332551142201086e-6,0.9340888535654798,0.1527777777777778,0.24550888507777682
Allekoaitze,4_0,Allekoaitze,NA,TRUE,Holocene,Bronze Age,NA,4000,3500,1,Cave,NA,NA,NA,West Europe,Spain,6,Mixed,0,0,1,5,Indet,Cuevas Sepulcrales,NA,NA,NA,H. sapiens,Allekoaitze 4_0 Possible burial,"ARMENDARIZ, A., & ETXEBERRIA, F. (1983). Las cuevas sepulcrales de la Edad del Bronce en Guipúzcoa. Munibe, 35(3-4), 247-354.",0.31778252611585944,0.05296375435264324,0.021870286576168928,0.16666666666666666,0,0,0,0,0.006944444444444444,0,0,0,0,0,0,0.16666666666666666,0,0,0.16666666666666666,0,0,0.16666666666666666,0,0,0.16666666666666666,0,0,0.16666666666666666,0.4166666666666667,0.006410256410256411,0.11654837504669407,0,0,0,0,0.004856182293612252,0,0,0,0,0,0,0.11654837504669407,0,0,0.11654837504669407,0,0,0.11654837504669407,0,0,0.11654837504669407,0,0,0.11654837504669407,0.29137093761673516,0.0044826298094882335,0.15625,0.19658119658119658,0.0032051282051282055,0.10523504273504274,0.07934294871794872,0.7278835386338185,0.013888888888888888,0.0043055555555555555,2.999100269919024e-4,0.5199168133098704,0.18269230769230768,0.2734159483134618,-0.153303439446109,3.998855769062872e-6,0.8578693709062826,0.7275689223057643,0.11073649656472206,1.6944249488678773,-0.01495726495726496,0.042499999999999996,0.027777777777777776,0.3119500879859222,0.8578693709062826,1,3.3326909247888773e-6,0.2417183750228281,0.22222222222222224,0.12805379918780818
Amud I Amud VII Amud IX,5_1 5_2 5_3,Amud Cave,Layer B,TRUE,Late Pleistocene,Middle Paleolithic,Mousterian,70000,50000,"46085, 46086, 46087",Cave,NA,NA,NA,West Asia,Levant / Occupied Palestine,3,Mixed,1,0,0,2,Indet,Funerary Context,Inhumation single,Formal excavation,Partial,H. neanderthalensis,Amud I 5_1 2 Metapods indet = 1 hand & 1 foot; Amud VII 5_2 10month; Amud IX 5_3 NA,"1) NSB: Data 2) Rak, Y., Kimbel, W. H., & Hovers, E. (1994). A Neandertal infant from Amud cave, Israel. Journal of human evolution, 26(4), 313-324. 3) Pearson, O. M., Pablos, A., Rak, Y., & Hovers, E. (2020). A partial Neandertal foot from the Late Middle Paleolithic of Amud cave. PaleoAnthropology, 2020, 98-125. 4) Hovers, E., Rak, Y., Lavi, R., & Kimbel, W. H. (1995). Hominid remains from Amud Cave in the context of the Levantine Middle Paleolithic. Paléorient, 47-61..",0.8461934156378601,0.2820644718792867,0.2594268476621418,0.6666666666666666,0,0.3611111111111111,0,0.3333333333333333,0.5555555555555556,0,0.16666666666666666,0.3333333333333333,0.3333333333333333,0,0.3333333333333333,0.6666666666666666,0,0,0.6666666666666666,0.3333333333333333,0.16666666666666666,0.3333333333333333,0.3333333333333333,0.16666666666666666,0.3333333333333333,0,0.24074074074074073,0.6666666666666666,0.375,0.25,0.08753799392097265,0,0.04741641337386018,0,0.04376899696048633,0.07294832826747721,0,0.021884498480243163,0.04376899696048633,0.04376899696048633,0,0.04376899696048633,0.08753799392097265,0,0,0.08753799392097265,0.04376899696048633,0.021884498480243163,0.04376899696048633,0.04376899696048633,0.021884498480243163,0.04376899696048633,0,0.031610942249240125,0.08753799392097265,0.049240121580547115,0.03282674772036474,0.33912037037037035,0.4305555555555555,0.24537037037037035,0.30787037037037035,0.3102083333333333,0.4235044997353096,0.18518518518518517,0.20027777777777778,1.321137036490517,0.2117522498676548,0.24537037037037035,0.7681353353995384,0.302606874550551,0.2539832918409655,1.353382310818359,0.3511616963708017,0.1162373587871729,0.6809141385721785,0.10879629629629628,0.3252777777777778,0.14814814814814814,0,1.353382310818359,6,9.999670029561465e-6,0.39096057864318384,0.26157407407407407,0.20153054483986385
Gs1...2 Gs1...3 Gm2...4 Gm2...5 Gm3...6 Gm3...7 Gi4...8 Gi4...9 Fm3 Fm4 Fi,6_1 6_2 6_3 6_4 6_5 6_6 6_7 6_8 6_9 6_10 6_11,Arago,"Gs1, Gm2, Gm3, Gi4, Fm3, Fm4, Fi",TRUE,Middle Pleistocene,Lower Paleolithic,Acheulean / Tayacian,NA,NA,12,Cave,NA,NA,NA,West Europe,France,27,Mixed,0,0,0,0,Indet,Cannibalism,NA,Formal excavation,Partial,Middle Pleistocene hominin,"Gs1...2 6_1 n_juv = 3, n_suba = 1 (subadult- New born  to 15yrs); Gs1...3 6_2 adult 15yrs +; Gm2...4 6_3 NA; Gm2...5 6_4 NA; Gm3...6 6_5 NA; Gm3...7 6_6 NA; Gi4...8 6_7 NA; Gi4...9 6_8 NA; Fm3 6_9 NA; Fm4 6_10 NA; Fi 6_11 NA",Caune de l'Arago Marie-Antoinette de Lumley 2022,0.7035586155956526,0.02605772650354269,0.006033182503770739,0.2222222222222222,0,0.0030864197530864196,0,0,0,0,0,0.037037037037037035,0.037037037037037035,0,0,0,0,0,0.07407407407407407,0.07407407407407407,0,0.037037037037037035,0,0,0.037037037037037035,0,6.858710562414266e-4,0.1111111111111111,0.06944444444444445,7.122507122507123e-4,0.3158545959018391,0,0.004386869387525543,0,0,0,0,0,0.05264243265030652,0.05264243265030652,0,0,0,0,0,0.10528486530061304,0.10528486530061304,0,0.05264243265030652,0,0,0.05264243265030652,0,0.00097485986389456505,0.15792729795091956,0.09870456121932472,0.001012354474044356,0.04976851851851852,0.06042260208926876,6.990608842460694e-4,0.0334120326404277,0.02544482694945658,0.7828753756079427,0.006401463191586648,0.0023148148148148147,3087.41975308642,0.5219169170719619,0.05402113889768211,0.26020321626472154,0.5625217721523376,7.972509425413995e-6,1.755092868693625,0.7420618939933706,0.34992365530281555,1.72628932635857,0.025229942668214274,0.05632716049382716,0.012345679012345678,0.26095845853598093,1.755092868693625,0,4.991383198420381e-6,0.2325805490323989,0.04089506172839506,0.05926276072631026
Arbelaitz,7_0,Arbelaitz,NA,TRUE,Holocene,Bronze Age,NA,4000,3500,1,Cave,NA,NA,NA,West Europe,Spain,1,Indet,0,0,0,0,Indet,Cuevas Sepulcrales,NA,NA,NA,H. sapiens,Arbelaitz 7_0 NA,"ARMENDARIZ, A., & ETXEBERRIA, F. (1983). Las cuevas sepulcrales de la Edad del Bronce en Guipúzcoa. Munibe, 35(3-4), 247-354.",0.05149308853012557,0.05149308853012557,0.05429864253393665,1,0,0,0,0,0.3333333333333333,0,0,0,0,0,0,0,0,0,0,0,0,0,0,0,0,0,0.018518518518518517,0,0,0.038461538461538464,0.7192622950819672,0,0,0,0,0.2397540983606557,0,0,0,0,0,0,0,0,0,0,0,0,0,0,0,0,0,0.01331967213114754,0,0,0.027663934426229508,0,0.012820512820512822,0.02849002849002849,0.00949667616334283,0.027122507122507123,0.9531791366232792,0.006172839506172839,0.04,6.249960937744138e-6,0.8217061522614476,0.006647673314339983,0.09154423431275051,-9.15880243328069,1.5999724016379355e-6,1.0528891307745295e-4,0.8519337016574584,0.3558197192552701,2.568433406532711,-0.00949667616334283,0.29,0,0.690233167899616,1.0528891307745295e-4,1,1.666642431916812e-6,0.9973643034563605,0,0.2508739018739305
Archi,8_0,Archi,Geological layer C-3,TRUE,Late Pleistocene,NA,NA,130000,40000,46086,NA,NA,Open air,Fluvial deposits,West Europe,Italy,1,Infant,1,0,0,0,Indet,Geological transport,NA,Casual,NA,H. neanderthalensis,Archi 8_0 2-3yrs,"1) Ascenzi, A., Segre, A.G., 1971. A New Neandertal Child Mandible from an Upper Pleistocene Site in Southern Italy. Nature 233, 280-283. 2) Mallegni, F., Trinkaus, E., 1997. A reconsideration of the Archi 1 Neandertal mandible. Journal of Human Evolution 33, 651-668. 3) Schwartz, J.H., Tattersall, I., 2002. The Human Fossil Record, Vol. 1: Terminology and Craniodental Morphology of Genus Homo (Europe). University of Chicago Press, Chicago.",0.037037037037037035,0.037037037037037035,0.004524886877828055,1,0,0,0,0,0,0,0,0,0,0,0,0,0,0,0,0,0,0,0,0,0,0,0,0,0,0,1,0,0,0,0,0,0,0,0,0,0,0,0,0,0,0,0,0,0,0,0,0,0,0,0,0,0,0,0,0,0,0,1,0,0,1,1,0,0,0,0,1,0.9,0.3979077550336272,3.162277660168379,0,0.25,0,1,1,1,1.1111109876544583e-6,1.067033966571821,0,0.24537568032842474
Atxuri I adults Atxuri I subadults,9_1 9_2,Atxuri-I Cave,NA,TRUE,Holocene,Chalcolithic,NA,4000,3500,1,Cave,NA,NA,NA,West Europe,Spain,15,Mixed,1,1,1,6,Indet,Funerary Context,Possible burial,NA,NA,H. sapiens,Atxuri I adults 9_1 4 male 2 female; Atxuri I subadults 9_2 3-4y/6-8y/13-16,"García-Sagastibelza, A., López-Onaindia, D., Lambacher, N., Pomeroy, E., Cubas, M., Subirà, M. E., ... & Gómez-Olivencia, A. (2020). The funerary use of caves during the Holocene in the Atlantic Western Pyrenees: New information from Atxuri-I and Txotxinkoba caves (Biscay, Northern Iberian Peninsula). Quaternary International, 566, 171-190.",0.6695024796876649,0.04463349864584432,0.06425339366515836,0.26666666666666666,0,0.06944444444444445,0,0.06666666666666667,0.005555555555555555,0,0.1,0,0,0.03333333333333333,0,0,0,0.13333333333333333,0,0,0.06666666666666667,0,0,0.2,0,0,0.11728395061728396,0,0.06666666666666667,0.07948717948717948,0.22128095510155832,0,0.05762524872436415,0,0.05532023877538958,0.004610019897949132,0,0.08298035816308437,0,0,0.02766011938769479,0,0,0,0.11064047755077916,0,0,0.05532023877538958,0,0,0.16596071632616874,0,0,0.09732264229003723,0,0.05532023877538958,0.06595874623219528,0.03333333333333333,0.04871794871794872,0.09838556505223173,0.05501741057296613,0.050443613485280155,0.5728762981110527,0.06131687242798354,0.023916666666666666,17.3570218556472,0.39788193052085974,-0.01259892371003482,0.5047402513184795,-1.599632262308488,7.997057552391124e-6,0.2019707766071156,0.5613585514150455,0.5580099110479884,1.1979697683247972,-0.04390629946185502,0.08502777777777777,0.04444444444444444,0.22288756293066678,0.2019707766071156,1,4.99907094449081e-6,0.32082512584311373,0.05555555555555555,0.05337853371446813
Bauo da Torre I Bauo da Torre II,10_1 10_2,Baousso da Torre (Bausu da Ture),Upper Paleolithic deposits,TRUE,Late Pleistocene,Upper Paleolithic,Gravettian,25690,24110,2,Cave,NA,NA,NA,West Europe,Italy,2,Adult,0,0,0,2,Male,Funerary Context,Inhumation single,Formal excavation,NA,H. sapiens,Bauo da Torre I 10_1 20- 50yrs; Bauo da Torre II 10_2 20- 30yrs,"Villotte, S., Samsel, M., & Sparacello, V. (2017). The paleobiology of two adult skeletons from Baousso da Torre (Bausu da Ture) (Liguria, Italy): Implications for Gravettian lifestyle. Comptes Rendus Palevol, 16(4), 462–473.",0.7298723224649151,0.36493616123245753,0.2149321266968326,1,0,0.08333333333333333,0,0,0.08333333333333333,0,0,0.5,0.5,0,0.5,1,0,0,1,1,0,0.5,0.5,0,0.5,0.5,0.39814814814814814,1,0.625,0.16346153846153846,0.10148908486338008,0,0.008457423738615006,0,0,0.008457423738615006,0,0,0.05074454243169004,0.05074454243169004,0,0.05074454243169004,0.10148908486338008,0,0,0.10148908486338008,0.10148908486338008,0,0.05074454243169004,0.05074454243169004,0,0.05074454243169004,0.05074454243169004,0.04040769119560503,0.10148908486338008,0.06343067803961255,0.016589561948821743,0.5138888888888888,0.5961538461538461,0.2808048433048433,0.43619420702754036,0.34256232193732195,0.5346880795786475,0.2762345679012346,0.08291666666666667,2.083306250677066,0.26734403978932375,0.31991927825261157,0.5895077232193545,0.3257618875403301,0.13906171314495053,1.3850855234833448,0.5118644390535563,0.30443681419327107,1.0074546015745054,0.16797245963912627,0.2808333333333333,0.2222222222222222,0,1.3850855234833448,4,9.999414750109752e-6,1.1122197572568415,0.4236111111111111,0.31428472410170893
Belako Arkaitza 1,11_0,Belako Arkaitza 1,NA,TRUE,Holocene,Bronze Age,NA,4000,3500,1,Cave,NA,NA,NA,West Europe,Spain,5,Indet,0,0,0,0,Mixed,Cuevas Sepulcrales,NA,NA,NA,H. sapiens,"Belako Arkaitza 1 11_0 2 female, 1 male, 2 indet,Secondary Position","ARMENDARIZ, A., & ETXEBERRIA, F. (1983). Las cuevas sepulcrales de la Edad del Bronce en Guipúzcoa. Munibe, 35(3-4), 247-354.",0.6970560303893637,0.13941120607787275,0.05429864253393665,0.8,0,0.09166666666666666,0,0,0.11666666666666667,0,0.2,0,0,0,0.2,0.4,0,0,0.4,0.4,0.1,0,0,0,0.2,0.2,0,0.4,0.225,0.03076923076923077,0.2125340599455041,0,0.024352861035422342,0,0,0.030994550408719346,0,0.05313351498637602,0,0,0,0.05313351498637602,0.10626702997275204,0,0,0.10626702997275204,0.10626702997275204,0.02656675749318801,0,0,0,0.05313351498637602,0.05313351498637602,0,0.10626702997275204,0.059775204359673026,0.008174386920980927,0.1965277777777778,0.2185897435897436,0.015384615384615385,0.13614672364672364,0.12056837606837607,0.6800612248852033,0.053703703703703705,0.05775,1.6368933888085329,0.45337414992346886,0.1648860398860399,0.4246823954673571,0.5738230045802082,7.999255541350439e-6,1.7750400828863389,0.628133415999845,0.29873924011432407,1.4196145922253884,0.10551994301994305,0.23691666666666666,0.07777777777777778,0.22668707496173443,1.7750400828863389,2,4.999764221143595e-6,0.7323806580613674,0.1513888888888889,0.20977003781937997
Beondegi II,12_0,Beondegi II,NA,TRUE,Holocene,Bronze Age,NA,4000,3500,1,Cave,NA,NA,NA,West Europe,Spain,5,Mixed,1,1,0,2,Indet,Cuevas Sepulcrales,NA,NA,NA,H. sapiens,Beondegi II 12_0 Secondary position,"ARMENDARIZ, A., & ETXEBERRIA, F. (1983). Las cuevas sepulcrales de la Edad del Bronce en Guipúzcoa. Munibe, 35(3-4), 247-354.",0.3571673525377229,0.07143347050754459,0.01809954751131222,0.8,0,0.04166666666666667,0,0,0.008333333333333333,0,0,0,0,0,0.2,0,0,0,0.4,0,0,0,0,0.2,0,0,0.0037037037037037034,0.2,0.075,0,0.41478636581853096,0,0.02160345655304849,0,0,0.0043206913106096975,0,0,0,0,0,0.10369659145463274,0,0,0,0.20739318290926548,0,0,0,0,0.10369659145463274,0,0,0.0019203072491598653,0.10369659145463274,0.03888622179548728,0,0.08402777777777778,0.09166666666666667,0.0018518518518518517,0.056635802469135806,0.048185185185185185,0.8435391152211946,0.021604938271604937,0.015583333333333334,10.414313088394568,0.6748312921769557,0.07006172839506174,0.2155014274872358,0.6485631301779963,7.99484577822035e-6,1.9127904226650168,0.7678580354911272,0.3821893223321464,2.0835914762655037,0.05169753086419753,0.21141666666666667,0.04444444444444444,0.5061234691327168,1.9127904226650168,1,4.998385663678975e-6,0.8168337314038097,0.05972222222222222,0.1941489523180994
Bilzingsleben,13_0,Bilzingsleben,Fundschicht A,TRUE,Middle Pleistocene,Lower Paleolithic,NA,410000,350000,11,NA,NA,Open air,Lake deposits,West Europe,Germany,3,Indet,0,0,0,0,Indet,Unknown,NA,NA,NA,H. erectus,Bilzingsleben 13_0 NA,NA,0.1111111111111111,0.037037037037037035,0.004524886877828055,1,0,0,0,0,0,0,0,0,0,0,0,0,0,0,0,0,0,0,0,0,0,0,0,0,0,0,1,0,0,0,0,0,0,0,0,0,0,0,0,0,0,0,0,0,0,0,0,0,0,0,0,0,0,0,0,0,0,0,1,0,0,1,1,0,0,0,0,1,0.9,0.3979077550336272,3.162277660168379,0,0.25,0,1,1,1,1.1111109876544583e-6,1.067033966571821,0,0.24537568032842474
Bolomor IV-VI,14_0,Bolomor Cave,Level  IV-VI,TRUE,Late Pleistocene,Middle Paleolithic,Mousterian,130000,115000,5e,Rockshelter,NA,NA,NA,West Europe,Spain,3,Mixed,0,1,0,2,Indet,Unknown,NA,Formal excavation,Partial,H. neanderthalensis,Bolomor IV-VI 14_0 NA,"Arsuaga, J. L., Peris, J. F., Gracia-Téllez, A., Quam, R., Carretero, J. M., González, V. B., ... & Sañudo, P. (2012). Fossil human remains from Bolomor cave (Valencia, Spain). Journal of Human Evolution, 62(5), 629-639.",0.041666666666666664,0.013888888888888888,0.0030165912518853697,0.3333333333333333,0,0,0,0,0,0,0,0,0,0,0,0,0,0,0,0,0,0,0,0,0,0,0,0,0.041666666666666664,0,0.8888888888888888,0,0,0,0,0,0,0,0,0,0,0,0,0,0,0,0,0,0,0,0,0,0,0,0,0.1111111111111111,0,0.010416666666666666,0.013888888888888888,0,0.006944444444444444,0.005208333333333333,1,0,0,1,0.8888888888888888,0.013888888888888888,0.04637902012574803,-8.84584124802127,1.1428532245972682e-6,1.4397926698555408e-4,0.8777777777777778,0.4227091309892107,2.7937810615772016,-0.006944444444444444,0.08333333333333333,0,0.7777777777777777,1.4397926698555408e-4,1,1.2499957813556418e-6,0.364360671722112,0.020833333333333332,0.07960145038925422
Brillenhöhle,15_0,Brillenhöhle,Layer IV,TRUE,Late Pleistocene,Upper Paleolithic,Magdalenian,15000,15000,2,Cave,NA,NA,NA,West Europe,Germany,4,Mixed,0,0,1,3,Indet,Cannibalism,NA,Formal excavation,Partial,H. sapiens,Brillenhöhle 15_0 NA,"Sala, N., & Conard, N. (2016). Taphonomic analysis of the hominin remains from Swabian Jura and their implications for the mortuary practices during the Upper Paleolithic. Quaternary Science Reviews, 150, 278-300.",0.1447715521789596,0.0361928880447399,0.03619909502262444,0.25,0,0.020833333333333332,0,0,0.11458333333333333,0,0.125,0,0,0,0,0,0,0.125,0,0,0.125,0,0,0.125,0,0,0.05092592592592592,0,0.03125,0.009615384615384616,0.25583090379008744,0,0.021319241982507287,0,0,0.11725583090379008,0,0.12791545189504372,0,0,0,0,0,0,0.12791545189504372,0,0,0.12791545189504372,0,0,0.12791545189504372,0,0,0.0521137026239067,0,0.03197886297376093,0.009839650145772596,0.0234375,0.013621794871794872,0.03027065527065527,0.025715218423551754,0.028765580484330484,0.6352517078453334,0.03780864197530864,0.024166666666666666,0.3787991733483633,0.5206981211846995,-0.02418684710351377,0.4211130147012697,-0.903618777019763,7.997650286802306e-6,0.4051010337167546,0.6070234907542705,0.43619488280853025,1.532731304941967,-0.015298551756885088,0.08145833333333333,0.041666666666666664,0.4061445345240656,0.4051010337167546,1,4.999255609772216e-6,0.25998443714871344,0.03645833333333333,0.05525664752798308
Brno II,16_0,Brno II,NA,TRUE,Late Pleistocene,Upper Paleolithic,Gravettian,31000,23000,3,NA,NA,Open Air,NA,Central Europe,Czech Republic,1,Adult,0,0,0,1,Male,Funerary Context,Inhumation single,Casual,NA,H. sapiens,Brno II 16_0 NA,"1) Dočkalová, M., & Vančata, V. (2005). Gravettian Human remains Brno II: Postcranial skeleton. Anthropologie, 43(2-3), 295-304. 2) Schultz, M., & Nováček, J. (2005). Vorläufige Ergebnisse paläopathologischer Untersuchungen an den postcranialen Skelettresten des paläolithischen Menschen von Brno II. Anthropologie, 43(2-3), 305-313. 3) Jelínek, J., Pelíšek, J., & Valoch, K. (1959). Der fossile Mensch Brno II. Anthropolos, 9, 17-22.",0.15432098765432098,0.15432098765432098,0.027149321266968326,1,0,0,0,0,0.041666666666666664,0,0,0,1,0,0,0,0,0,1,0,0,0,0,0,1,0,0,0,0.125,0,0.24,0,0,0,0,0.009999999999999998,0,0,0,0.24,0,0,0,0,0,0.24,0,0,0,0,0,0.24,0,0,0,0.03,0,0.0798611111111111,0.041666666666666664,0,0.05324074074074074,0.042430555555555555,0.8399004562422231,0.06481481481481481,0.025833333333333333,4.999750012499374e-5,0.7465781833264206,-0.023148148148148147,0.1571930369546264,-0.24511724075328514,1.9999605021744905e-6,0.782612778751286,0.7988801327250104,0.4428905736880795,2.302324649963756,-0.011574074074074077,0.255,0.1111111111111111,0.653255910410618,0.782612778751286,1,1.999968001627905e-6,1.097808350193188,0.11805555555555555,0.23017678618865417
Carihuela,17_0,Cueva de la Carigüela,Units XI–VI,TRUE,Late Pleistocene,Middle Paleolithic,Mousterian,129880,42400,46145,Cave,Cave Interior,NA,NA,West Europe,Spain,1,Juvenile,0,1,0,0,Indet,Unknown,NA,Formal excavations,NA,H. neanderthalensis,Carihuela 17_0 NA,"Carrión, J. S., Fernández, S., Jiménez-Arenas, J. M., et al. (2019). The sequence at Carihuela Cave and its potential for research into Neanderthal ecology and the Mousterian in southern Spain. Quaternary Science Reviews, 217, 194–216",0.037037037037037035,0.037037037037037035,0.004524886877828055,1,0,0,0,0,0,0,0,0,0,0,0,0,0,0,0,0,0,0,0,0,0,0,0,0,0,0,1,0,0,0,0,0,0,0,0,0,0,0,0,0,0,0,0,0,0,0,0,0,0,0,0,0,0,0,0,0,0,0,1,0,0,1,1,0,0,0,0,1,0.9,0.3979077550336272,3.162277660168379,0,0.25,0,1,1,1,1.1111109876544583e-6,1.067033966571821,0,0.24537568032842474
CdF Adult CdF Juvenil,18_1 18_2,"Caverna delle Fate (Finale Ligure, Liguria, Italy)",Ensemble III supérieur (IIIb),TRUE,Late Pleistocene,Middle Paleolithic,Mousterian,82000,72000,5a,Cave,NA,NA,NA,West Europe,Italy,2,Mixed,0,1,0,1,Indet,Unknown,NA,Formal,Partial,H. neanderthalensis,"CdF Adult 18_1 occipital Fate 4 shows gnaw marks; CdF Juvenil 18_2 8–10yrs, gnaw marks reported on adult occipital","1) de Lumley, M. A., & Giacobini, G. (2013). Les néandertaliens de la Caverna delle Fate (Finale Ligure, Italie). I-Chronostratigraphie, restes squelettiques. L'anthropologie, 117(3), 273-304. 2) de Lumley, M. A., & Giacobini, G. (2013). Les néandertaliens de la Caverna delle Fate (Finale Ligure, Italie). II–Les dents. L'anthropologie, 117(3), 305-344.",0.0747599451303155,0.03737997256515775,0.006787330316742082,1,0,0,0,0,0,0,0,0,0,0,0,0,0,0,0,0,0,0,0,0,0,0,0.009259259259259259,0,0,0,0.9908256880733944,0,0,0,0,0,0,0,0,0,0,0,0,0,0,0,0,0,0,0,0,0,0,0.009174311926605503,0,0,0,0,0,0.004629629629629629,0.0015432098765432098,0.0011574074074074073,0.9999999999999999,0.0030864197530864196,0,1,0.9908256880733944,-0.0030864197530864196,0.0059507695017743485,-7.342267651750655,1.1428395123801861e-6,6.475803679215869e-4,0.8981651376146789,0.40097816461445657,3.1301752030223526,-0.0015432098765432098,0.25,0,0.981651376146789,6.475803679215869e-4,1,1.2499829708044574e-6,1.0700862746066382,0,0.2445077987787034
Ceprano,19_0,Ceprano,NA,TRUE,Middle Pleistocene,NA,NA,430000,385000,11,NA,NA,Open air,NA,West Europe,Italy,1,Adult,0,0,0,1,Indet,Unknown,NA,NA,NA,Middle Pleistocene hominin,Ceprano 19_0 NA,"Di Vincenzo, F., et al. (2017). Digital reconstruction of the Ceprano calvarium (Italy), and implications for its interpretation. Scientific Reports, 7, 13974.",0.037037037037037035,0.037037037037037035,0.004524886877828055,1,0,0,0,0,0,0,0,0,0,0,0,0,0,0,0,0,0,0,0,0,0,0,0,0,0,0,1,0,0,0,0,0,0,0,0,0,0,0,0,0,0,0,0,0,0,0,0,0,0,0,0,0,0,0,0,0,0,0,1,0,0,1,1,0,0,0,0,1,0.9,0.3979077550336272,3.162277660168379,0,0.25,0,1,1,1,1.1111109876544583e-6,1.067033966571821,0,0.24537568032842474
Chancelade,20_0,Abri de Raymonden (Chancelade),NA,TRUE,Late Pleistocene,Upper Paleolithic,Magdalenian,17000,12000,2,Rockshelter,NA,NA,NA,West Europe,France,1,Adult,0,0,0,1,Male,Funerary Context,Inhumation single,Formal excavation,NA,H. sapiens,"Chancelade 20_0 ""a few"" rib fragments = 3","Billy, G. (1969). Le squelette post-crânien de l’Homme de Chancelade. L'Anthropologie, 73(3-4), 207-246.",0.553840877914952,0.553840877914952,0.43891402714932126,1,0,0.75,0,0,0.16666666666666666,0,0,1,1,0,1,1,0,0,1,1,0,1,1,0,1,1,0.5370370370370371,1,1,0.5,0.06687306501547988,0,0.05015479876160991,0,0,0.011145510835913312,0,0,0.06687306501547988,0.06687306501547988,0,0.06687306501547988,0.06687306501547988,0,0,0.06687306501547988,0.06687306501547988,0,0.06687306501547988,0.06687306501547988,0,0.06687306501547988,0.06687306501547988,0.035913312693498456,0.06687306501547988,0.06687306501547988,0.03343653250773994,0.6666666666666666,0.8333333333333334,0.5185185185185186,0.6172839506172839,0.5667129629629629,0.36142159159360154,0.4012345679012346,0.29083333333333333,9.374895313808578,0.18071079579680077,0.4320987654320988,0.7448372895041228,0.07696092113631542,0.3113419925764111,1.0799998704002098,0.3625125493608193,0.16511372545886793,0.6781253598783438,0.04938271604938271,0.4575,0.3333333333333333,0,1.0799998704002098,8,9.999733054968097e-6,0.8156512733924525,0.6666666666666666,0.342877942994816
Combe Grenal,21_0,Combe Grenal,Couche 25,TRUE,Late Pleistocene,Middle Paleolithic,Mousterian,175000,50000,46118,Cave,NA,NA,NA,West Europe,France,8,Mixed,0,2,3,3,Indet,Cannibalism,NA,NA,NA,H. neanderthalensis,Combe Grenal 21_0 MNI = 8+,"1 ) Les Néandertaliens de la grotte de Combe-Grenal (Domme, Dordogne, France) / The Neanderthals from Combe-Grenal cave (Domme, Dordogne, France), Maria Dolores Garralda sem-link Bernard Vandermeersch, Paléo, Revue d'Archéologie Préhistorique  Année 2000  12  pp. 213-259 2) Two newly identified Mousterian human rib fragments from Combe-Grenal (Domme, France), Asier Gómez-Olivencia et al  2013, https://doi.org/10.4000/paleo.2653
",0.15677429566318454,0.019596786957898068,0.007918552036199095,0.375,0,0,0,0,0.010416666666666666,0,0,0,0,0,0,0,0,0,0.125,0,0,0,0,0,0,0,0.013888888888888888,0,0,0.004807692307692308,0.7087329631499243,0,0,0,0,0.01968702675416456,0,0,0,0,0,0,0,0,0,0.23624432104997475,0,0,0,0,0,0,0,0.02624936900555275,0,0,0.009086320040383645,0.001736111111111111,0.0016025641025641027,0.009348290598290598,0.004273504273504273,0.003830128205128205,0.9587020648967551,0.006944444444444444,0.00125,1.999600079984003e-4,0.9244627054361567,-0.005341880341880341,0.04887146673052905,-8.360423415232843,1.999688103229207e-6,2.3394525680990648e-4,0.8694268857985673,0.4199221246413648,2.8990211323185773,-0.004273504273504273,0.095,0.006944444444444444,0.8902233459755583,2.3394525680990648e-4,1,1.999749408403645e-6,0.4076286255357541,0.003472222222222222,0.08956460275022093
Parpallo juvenil Parpallo adult,22_2 22_2,Cova del Parpalló (Parpalló Cave),NA,TRUE,Late Pleistocene,Upper Paleolithic,Gravettian,26000,11000,2,Cave,NA,NA,NA,West Europe,Spain,2,Mixed,0,1,0,1,Indet,Unkown,NA,Formal excavation,Partial,H. sapiens,Parpallo juvenil 22_2 NA; Parpallo adult 22_2 NA,NA,0.13271604938271606,0.06635802469135803,0.020361990950226245,1,0,0.041666666666666664,0,0,0,0,0,0,0,0,0,0,0,0,0,0,0,0,0,0,0,0,0,0.5,0.25,0,0.5581395348837209,0,0.02325581395348837,0,0,0,0,0,0,0,0,0,0,0,0,0,0,0,0,0,0,0,0,0,0.27906976744186046,0.13953488372093023,0,0.1875,0.25,0,0.125,0.09895833333333333,0.8372093023255813,0,0.010416666666666666,41667.666666666664,0.5581395348837209,0.25,0.20448335697314793,0.6931431805839451,1.5999904002483128e-6,1.9999920000639992,0.7744186046511627,0.3134101453904101,1.8541559689816438,0.125,0.2604166666666667,0,0.27906976744186046,1.9999920000639992,3,1.666658055765874e-6,0.9948258132366696,0.125,0.27526574415274313
Cova Gran de Sta Linya,23_0,Cova Gran de Santa Linya,NA,TRUE,Late Pleistocene,Upper Paleolithic,Magdalenian,14808,14091,2,Rockshelter,NA,NA,NA,West Europe,Spain,1,Adult,0,0,0,1,Female,Funerary Context,Inhumation single,Formal excavation,NA,H. sapiens,Cova Gran de Sta Linya 23_0 L5-S1 = S1,"Pablos, A., et al. (2022). Linya. A new Late Glacial partial skeleton from Cova Gran de Santa Linya site (Lleida, Spain). Centro Nacional de Investigación sobre la Evolución Humana (CENIEH).",0.31403661496254087,0.31403661496254087,0.167420814479638,1,0,0,0,0,0.125,0,0,0,0,0,0,0,0,0,1,1,0,1,0,0,1,1,0.2962962962962963,1,1,0.057692307692307696,0.11793859464908228,0,0,0,0,0.014742324331135285,0,0,0,0,0,0,0,0,0,0.11793859464908228,0.11793859464908228,0,0.11793859464908228,0,0,0.11793859464908228,0.11793859464908228,0.03494476878491327,0.11793859464908228,0.11793859464908228,0.006804149691293208,0.5694444444444444,0.6858974358974359,0.176994301994302,0.43862773029439694,0.33647079772079774,0.5417460893186501,0.19135802469135801,0.015,1.666638889351844e-5,0.27087304465932505,0.4945394112060779,0.43397633442249833,0.13095676003454448,3.999914053055884e-6,1.1399184902101864,0.5941218234154697,0.3114196215583762,1.2143945108077532,0.061372269705603055,0.265,0.2777777777777778,0,1.1399184902101864,5,3.3332844736112624e-6,1.3383017171172658,0.6388888888888888,0.3720243167117735
Cro-Magnon I-II,24_0,Cro-Magnon I,Unit J,TRUE,Late Pleistocene,Upper Paleolithic,Gravettian,27950,11780,3,Rockshelter,NA,NA,NA,West Europe,France,2,Adult,0,0,0,2,Male,Funerary Context,Collective burial,Casual,NA,H. sapiens,Cro-Magnon I-II 24_0 NA,NSB Excel,0.17236467236467237,0.08618233618233619,0.038461538461538464,0,0,0,0,0,0,0,0.25,0,0,0.25,0,0,0,0,0,0,0,0,0,0,0,0,0,1.5,0.25,0.07692307692307693,0,0,0,0,0,0,0,0.10743801652892561,0,0,0.10743801652892561,0,0,0,0,0,0,0,0,0,0,0,0,0,0.6446280991735537,0.10743801652892561,0.03305785123966942,0.4583333333333333,0.608974358974359,0.038461538461538464,0.31837606837606836,0.2387820512820513,0.9161073825503355,0.027777777777777776,0.020833333333333332,1,0.785234899328859,0.5811965811965812,0.11760902253178222,0.910905261013115,1.9999851669413976e-6,2.486572511973587,0.8322147651006712,0.010674600244393817,2.443235718825088,0.4732905982905983,0,0,0.6543624161073825,2.486572511973587,2,1.6666584260581819e-6,-0.25794070786873446,0.125,0.4642229576777083
Crow Creek adult Crow Creek subadult,25_1 25_2,Crow Creek,Fortification ditch fill,TRUE,Holocene,NA,NA,650,600,1,NA,NA,Open air,NA,North America,South Dakota,725,Mixed,0,0,247,478,Mixed,Funerary Context,Collective burial,Formal excavation,added the 2 age indet,H. sapiens,Crow Creek adult 25_1 NA; Crow Creek subadult 25_2 NA,NA,122.21380711195526,0.16857076843028312,0.10014666874707442,0.766896551724138,0,0.38591954022988506,0,0.07448275862068965,0.1589080459770115,0,0.15724137931034482,0,0,0.3510344827586207,0,0,0,0.3275862068965517,0,0,0.17586206896551723,0,0,0.18482758620689654,0,0,0.004699872286079183,1.5931034482758621,0.34793103448275864,0.022917771883289126,0.16849644961741947,0,0.08479119148538458,0,0.0163647630923393,0.034914020023393645,0,0.034547833194938524,0,0,0.07712652235185838,0,0,0,0.07197465248945527,0,0,0.03863902396802335,0,0,0.0406088565624716,0,0,0.0010326187959500794,0.35002409947503504,0.0764446572230109,0.005035311720719786,0.5255555555555556,0.6546507515473033,0.013808822084684154,0.3549733110652651,0.3241906154828569,0.7022928573528888,0.0552958705832269,0.13709942528735633,4.962553987496022,0.47407846302898105,0.5993548809640764,0.37875681237862313,0.8600568692745061,0.026649670489390154,2.3632950887614257,0.6638938519137357,0.009949326666483627,1.4999204447605714,0.48393473491174643,0.30764540229885057,0.07647509578544061,0.2458640687050733,2.3632950887614257,4,9.996985955879354e-6,0.268934094619143,0.21220306513409962,0.5015228076069945
Cueva de la Buena Pinta,26_0,Cueva de la Buena Pinta,Nivel 3,TRUE,Late Pleistocene,NA,NA,69000,58000,4,Cave,Cave interior,NA,NA,West Europe,Spain,1,Indet,0,0,0,0,Indet,Carnivore,Carnivore den (transport),NA,NA,H. neanderthalensis,Cueva de la Buena Pinta 26_0 two molars; minimum one individual,NA,0,0,0,0,0,0,0,0,0,0,0,0,0,0,0,0,0,0,0,0,0,0,0,0,0,0,0,0,0,0,0,0,0,0,0,0,0,0,0,0,0,0,0,0,0,0,0,0,0,0,0,0,0,0,0,0,0,0,0,0,0,0,NA,0,0,1,NA,0,NA,0,0,1,NA,NA,NA,0,0,0,NA,1,0,0,0,0,0
Cueva del Camino,27_0,Cueva del Camino,NA,TRUE,Late Pleistocene,NA,NA,99000,83000,5,Cave,Cave interior,NA,NA,West Europe,Spain,1,Adult,0,0,0,1,Indet,Carnivore,Carnivore den (transport),NA,NA,H. neanderthalensis,Cueva del Camino 27_0 Both elements are right maxillary molars (M1 and M3) and the authors state the degree of wear and size relations are consistent with them belonging to the same young adult individual.,"Arsuaga, J. L., et al. (2012). Understanding the ancient habitats of the last-interglacial (late MIS 5) Neanderthals of central Iberia: Paleoenvironmental and taphonomic evidence from the Cueva del Camino (Spain) site. Quaternary International, 275, 55–7",0,0,0,0,0,0,0,0,0,0,0,0,0,0,0,0,0,0,0,0,0,0,0,0,0,0,0,0,0,0,0,0,0,0,0,0,0,0,0,0,0,0,0,0,0,0,0,0,0,0,0,0,0,0,0,0,0,0,0,0,0,0,NA,0,0,1,NA,0,NA,0,0,1,NA,NA,NA,0,0,0,NA,1,0,0,0,0,0
Dali Tianshuigou,28_0,Dali Tianshuigou,Level 3,TRUE,Middle Pleistocene,Middle Paleolithic,NA,230000,180000,46180,NA,NA,Open air,Fluvial deposits,East Asia,China,1,Adult,0,0,0,1,Indet,Geological transport,NA,Casual,NA,Middle Pleistocene hominin,Dali Tianshuigou 28_0 NA,"1) Gongming, Y., Bahain, J.-J., Shen, G., Tissoux, H., Falguères, F., Dolo, J.-M., Han, F., Shao, Q., 2009. ESR/U-series study of teeth recovered from the palaeoanthropological stratum of the Dali Man site (Shaanxi Province, China). Quaternary Geochronology 4, 98-105. 2) Wu, X., Poirier, F.E., 1995. Human Evolution in China: A Metric Description of the Fossils and a Review of the Sites. Oxford University Press, New York. 3) Schwartz, J.H., Tattersall, I., 2003. The Human Fossil Record, Vol. 2: Craniodental Morphology of Genus Homo (Africa and Asia). John Wiley & Sons, Hoboken.",0.037037037037037035,0.037037037037037035,0.004524886877828055,1,0,0,0,0,0,0,0,0,0,0,0,0,0,0,0,0,0,0,0,0,0,0,0,0,0,0,1,0,0,0,0,0,0,0,0,0,0,0,0,0,0,0,0,0,0,0,0,0,0,0,0,0,0,0,0,0,0,0,1,0,0,1,1,0,0,0,0,1,0.9,0.3979077550336272,3.162277660168379,0,0.25,0,1,1,1,1.1111109876544583e-6,1.067033966571821,0,0.24537568032842474
Dame du Cavillon,NA,Dame du Cavillon,NA,TRUE,Late Pleistocene,Upper Paleolithic,Gravettian,23370,23370,3,Cave,NA,NA,NA,West Europe,Italy,1,Adult,0,0,0,1,Female,Funerary Context,Inhumation single,Formal excavation,NA,H. sapiens,Dame du Cavillon NA aka Homme de Menton,"Chevalier, T., Guipert, G., Stalens, H., & Voisin, J. L. (2016). Une nouvelle étude anatomique du squelette de « la Dame du Cavillon ». In XXXVIe Rencontres internationales d’archéologie et d’histoire d’Antibes (pp. 543-556).",0.5266830220533925,0.5266830220533925,0.38009049773755654,1,0,0.041666666666666664,0,0,0,0,0,1,1,0,1,1,0,0,1,1,0,1,1,0,1,1,0.8518518518518519,1,1,0.3269230769230769,0.07032130424983096,0,0.0029300543437429565,0,0,0,0,0,0.07032130424983096,0.07032130424983096,0,0.07032130424983096,0.07032130424983096,0,0,0.07032130424983096,0.07032130424983096,0,0.07032130424983096,0.07032130424983096,0,0.07032130424983096,0.07032130424983096,0.059903333249856,0.07032130424983096,0.07032130424983096,0.022989657158598582,0.6666666666666666,0.7756410256410257,0.5893874643874644,0.6409069325735992,0.4858885327635328,0.4092399621074109,0.5061728395061729,0.09375,41667.666666666664,0.20461998105370546,0.2694681861348528,0.6071489348511163,0.039405855198509844,7.999710153462939e-6,1.0401925655524777,0.4576623187349705,0.38599319258618714,0.8809243073497279,0.02575973409306742,0.2604166666666667,0.3333333333333333,0,1.0401925655524777,7,4.9999069214106265e-6,1.4307620720795393,0.6666666666666666,0.33734722854865423
DV 13 DV 14 DV 15 DV 16,30_1 30_2 30_3 30_4,Dolní Věstonice II,NA,TRUE,Late Pleistocene,Upper Paleolithic,Gravettian,30000,20000,3,NA,NA,Open air,NA,Central Europe,Czech Republic,4,Adult,0,0,0,4,Male,Funerary Context,Inhumation single; Inhumation multiple (Triple burial),Formal excavation,NA,H. sapiens,DV 13 30_1 NA; DV 14 30_2 NA; DV 15 30_3 NA; DV 16 30_4 NA,"1) NSB: Data 2) Trinkaus, E., & Svoboda, J. (Eds.). (2006). Early Modern Human Evolution in Central Europe: The People of Dolní Věstonice and Pavlov. Oxford University Press. 3) Formicola, V., Pontrandolfi, A., & Svoboda, J. (2001). The Upper Paleolithic triple burial of Dolní Vestonice: pathology and funerary behavior. American Journal of Physical Anthropology, 115(4), 372-374. Mittnik, A., Wang, C. C., Svoboda, J., & Krause, J. (2016). A molecular approach to the sexing of the triple burial at the Upper Paleolithic site of Dolní Věstonice. PloS one, 11(10), e0163019.",2.3451909887095073,0.5862977471773768,0.43665158371040724,1,0,0.8333333333333334,0,0.5,0.8541666666666666,0,0,1,1,0,1,1,0,0,1,1,0,1,1,0,1,1,0.35648148148148145,1,0.96875,0.3173076923076923,0.06317103760903922,0,0.052642531340866015,0,0.03158551880451961,0.05395859462438766,0,0,0.06317103760903922,0.06317103760903922,0,0.06317103760903922,0.06317103760903922,0,0,0.06317103760903922,0.06317103760903922,0,0.06317103760903922,0.06317103760903922,0,0.06317103760903922,0.06317103760903922,0.02251930507359268,0.06317103760903922,0.06119694268375674,0.020044656164406673,0.6588541666666666,0.7620192307692307,0.33689458689458684,0.55153430674264,0.5703173967236467,0.35954802968832134,0.34104938271604934,0.39666666666666667,1.9841246409730775,0.17977401484416067,0.4209698480531814,0.7761858871708179,0.18958581474950154,0.4553247991654599,1.2087488480184465,0.33293155206820146,0.05436290425936219,0.6468318689700089,0.1151323599240266,0.5633333333333334,0.3333333333333333,0,1.2087488480184465,9,9.999814304704072e-6,0.4487483445513535,0.6510416666666666,0.3498861422027033
Dolní Věstonice DV3,31_0,Dolní Věstonice I,NA,TRUE,Late Pleistocene,Upper Paleolithic,Gravettian,30000,20000,3,NA,NA,Open air,NA,Central Europe,Czech Republic,1,Adult,0,0,0,1,Female,Funerary Context,Inhumation single,Formal excavation,NA,H. sapiens,Dolní Věstonice DV3 31_0 NA,"1) NSB: Data 2) Trinkaus, E., & Svoboda, J. (Eds.). (2006). Early Modern Human Evolution in Central Europe: The People of Dolní Věstonice and Pavlov. Oxford University Press.
",0.5260762899651789,0.5260762899651789,0.45701357466063347,1,0,1,0,0,0.20833333333333334,0,0,1,1,0,1,1,0,0,1,1,0,1,0,0,1,1,0.6111111111111112,1,1,0.38461538461538464,0.07040240691989469,0,0.07040240691989469,0,0,0.014667168108311396,0,0,0.07040240691989469,0.07040240691989469,0,0.07040240691989469,0.07040240691989469,0,0,0.07040240691989469,0.07040240691989469,0,0.07040240691989469,0,0,0.07040240691989469,0.07040240691989469,0.04302369311771343,0.07040240691989469,0.07040240691989469,0.027077848815344113,0.6527777777777778,0.7948717948717949,0.49786324786324787,0.6011396011396012,0.5883547008547009,0.3504567919724427,0.40740740740740744,0.35833333333333334,9.99991000089999,0.17522839598622136,0.3874643874643875,0.7312386961944465,0.1034628183747845,0.33562355519933246,1.1090045580066357,0.3703908941141231,0.0718017125653615,0.7064546578482711,0.06552706552706544,0.525,0.2777777777777778,0,1.1090045580066357,8,9.999751643885832e-6,0.5778754591484242,0.6388888888888888,0.38841875223114264
El Espinoso,32_0,El Espinoso Cave,Sala de los Muertos,TRUE,Holocene,Bronze Age,Late Bronze Age,3000,2900,1,Cave,NA,NA,NA,West Europe,Spain,20,Mixed,2,4,5,9,Indet,Funerary Context,Collective burial,NA,NA,H. sapiens,"El Espinoso 32_0 Sepulchral Cave, 65 Phalanx indet divided 33 Hand and 32 Foot phx","González-Rabanal, B., González-Morales, M. R., & Marín-Arroyo, A. B. (2018). Anthropological and taphonomical study of human remains from the burial cave of El Espinoso (Ribadedeva, Asturias, Spain). In Current Approaches to Collective Burials in the Late European Prehistory (pp. 57-64). Archaeopress.",2.3111084731455103,0.1155554236572755,0.12918552036199096,0.45,0.1,0.10625,0,0.1,0.08333333333333334,0,0.1,0,0,0.325,0,0,0,0.35,0,0,0.175,0,0,0.3,0,0,0.15925925925925927,0.4,0.2875,0.18365384615384614,0.14423093385991245,0.0320513186355361,0.034054526050257106,0,0.0320513186355361,0.026709432196280084,0,0.0320513186355361,0,0,0.10416678556549233,0,0,0,0.11217961522437635,0,0,0.056089807612188174,0,0,0.0961539559066083,0,0,0.051044692641779715,0.1282052745421444,0.09214754107716629,0.05886347941718649,0.2125,0.29038461538461535,0.1714565527065527,0.19881885090218424,0.16764538817663818,0.44945885289694576,0.10725308641975309,0.07977083333333333,2.529725482726602,0.23794880447485361,0.18313152896486226,0.7631916577915757,0.1689620987009807,0.10533339572346521,1.1840752600829978,0.3838539420674881,0.3338438329195801,0.7541549985073485,0.03659781576448243,0.1745625,0.09166666666666666,0.026438756052761497,1.1840752600829978,3,0.11341541058441526,0.4408068373247989,0.18958333333333333,0.11640660600047682
El Mirador MIR4,33_0,El Mirador,MIR4,TRUE,Holocene,Bronze Age,Bronze Age,4400,4100,1,Cave,Cave Interior,NA,NA,West Europe,Spain,6,Mixed,0,1,2,3,Indet,Cannibalism,NA,Formal excavation,Partial,H. sapiens,El Mirador MIR4 33_0 NA,"Cáceres, I., Lozano, M., & Saladié, P. (2007). Evidence for bronze age cannibalism in El Mirador cave (Sierra de Atapuerca, Burgos, Spain). American Journal of Physical Anthropology: The Official Publication of the American Association of Physical Anthropologists, 133(3), 899-917.",0.5133085364566846,0.08555142274278077,0.033936651583710405,1,0,0.06944444444444445,0,0,0.04861111111111111,0,0,0,0,0,0,0.3333333333333333,0,0,0,0.3333333333333333,0,0,0,0,0.16666666666666666,0.16666666666666666,0.012345679012345678,0,0.16666666666666666,0.012820512820512822,0.43292134542744815,0,0.030063982321350567,0,0,0.021044787624945396,0,0,0,0,0,0,0.1443071151424827,0,0,0,0.1443071151424827,0,0,0,0,0.07215355757124135,0.07215355757124135,0.0053447079682401,0,0.07215355757124135,0.005550273659326258,0.057870370370370364,0.059829059829059825,0.012583095916429251,0.04277461221905666,0.04367818138651472,0.8645654828300885,0.025720164609053495,0.03013888888888889,2.976105785942507,0.7410561281400758,0.03410889522000633,0.18171247046725847,-1.124806974845325,7.997718727559716e-6,0.32471513949953246,0.7802768580064675,0.40724715463726535,2.2820972585514103,-0.02888572333016777,0.27319444444444446,0.037037037037037035,0.6175467734500631,0.32471513949953246,1,4.999284501420006e-6,1.051233320973059,0.10185185185185185,0.237093621268797
El Mirón Cave,34_0,El Mirón Cave,Level 114,TRUE,Late Pleistocene,Upper Paleolithic,Lower Magdalenian,19000,14400,2,Cave,Cave Vestibule,NA,NA,West Europe,Spain,1,Adult,0,0,0,1,Female,Funerary Context,Inhumation single,Formal excavation,Partial,H. sapiens,"El Mirón Cave 34_0 Hand Phalanx proximal 4-5 = 4, Lumbar L2-L3 = L2, Rib 4-5 Right = 4 right, Ribs: 6R? 7R? 4L? 7L? = !, Fragmentary thoracics of indet position, not included in MNE","Carretero, J. M., Quam, R. M., Gomez-Olivencia, A., Castilla, M., Rodriguez, L., & Garcia-Gonzalez, R. (2015). The magdalenian human remains from El mirón cave, cantabria (Spain). Journal of Archaeological Science, 60, 10-27.",0.29376384931940486,0.29376384931940486,0.43891402714932126,1,0,0.625,0,0,0.5833333333333334,0,0,1,0,0,1,1,0,0,0,0,0,0,0,0,0,0,0.4444444444444444,1,0.625,0.6538461538461539,0.12607758620689655,0,0.07879849137931035,0,0,0.07354525862068965,0,0,0.12607758620689655,0,0,0.12607758620689655,0.12607758620689655,0,0,0,0,0,0,0,0,0,0,0.056034482758620684,0.12607758620689655,0.07879849137931035,0.0824353448275862,0.46875,0.7596153846153846,0.5491452991452992,0.49554843304843305,0.4847863247863248,0.4099796762211788,0.23148148148148148,0.28875,2.2321384566483693,0.2049898381105894,0.5281339031339031,0.6937708720052542,0.23208613696855346,7.999875595550111e-6,1.2612283625373757,0.3942935734809727,0.09225861531265878,0.738287198782143,0.12945156695156695,0.47625,0,0,1.2612283625373757,8,4.999958623349759e-6,0.5851719692718732,0.3125,0.34314215439989476
El Sidrón J1,35_0,El Sidrón J1,Galería del Osario,TRUE,Late Pleistocene,Middle Paleolithic,Mousterian,52100,41700,3,Cave,Cave Interior,NA,NA,West Europe,Spain,1,Juvenile,0,1,0,0,Indet,Cannibalism,NA,Formal excavations,Complete,H. neanderthalensis,El Sidrón J1 35_0 Only J1 in total MNI = 13 (7 Adults (3 male 4 female)/   5 subadults(3 adolecense / 1 infant 2-3 yrs)),NA,0.5230294396961064,0.5230294396961064,0.3076923076923077,1,0,0.625,0,1,0.75,0,0,1,1,0,1,0,0,0,1,1,0,1,1,0,1,1,0.3333333333333333,1,0.375,0.038461538461538464,0.070812528370404,0,0.044257830231502496,0,0.070812528370404,0.05310939627780299,0,0,0.070812528370404,0.070812528370404,0,0.070812528370404,0,0,0,0.070812528370404,0.070812528370404,0,0.070812528370404,0.070812528370404,0,0.070812528370404,0.070812528370404,0.023604176123467997,0.070812528370404,0.026554698138901496,0.0027235587834770767,0.4895833333333333,0.47115384615384615,0.1858974358974359,0.38835470085470086,0.41689102564102565,0.4613473709114568,0.3055555555555555,0.31375,1.644735145433828,0.2306736854557284,0.16559829059829062,0.6952247929363228,0.47583157529470566,0.18224264965365752,1.6093519385050499,0.410309339326906,0.061626287197183105,0.8000080077890119,0.23664529914529914,0.50125,0.3333333333333333,0,1.6093519385050499,8,9.99955104498661e-6,0.4605389052337899,0.35416666666666663,0.33595738822750476
Engis 2,36_0,Engis / Schmerling Cave,Layer 2,TRUE,Late Pleistocene,NA,NA,44000,42000,3,Cave,Cave interior,NA,NA,West Europe,Belgium,1,Infant,1,0,0,0,Indet,Unknown,NA,Formal excavation,NA,H. neanderthalensis,Engis 2 36_0 NA,"Devièse, T., et al. (2021). Reevaluating the timing of Neanderthal disappearance in Northwest Europe. PNAS, 118(12), e2022466118.                                                               Schwartz, J. H., & Tattersall, I. (2002). The Human Fossil Record, Vol. 1. Chicago: University of Chicago Press.",0.037037037037037035,0.037037037037037035,0.004524886877828055,1,0,0,0,0,0,0,0,0,0,0,0,0,0,0,0,0,0,0,0,0,0,0,0,0,0,0,1,0,0,0,0,0,0,0,0,0,0,0,0,0,0,0,0,0,0,0,0,0,0,0,0,0,0,0,0,0,0,0,1,0,0,1,1,0,0,0,0,1,0.9,0.3979077550336272,3.162277660168379,0,0.25,0,1,1,1,1.1111109876544583e-6,1.067033966571821,0,0.24537568032842474
Erlaitz,37_0,Erlaitz,NA,TRUE,Holocene,Bronze Age,NA,4000,3500,1,Cave,NA,NA,NA,West Europe,Spain,3,Mixed,1,0,0,2,Indet,Cuevas Sepulcrales,NA,NA,NA,H. sapiens,Erlaitz 37_0 Surface disposal,"ARMENDARIZ, A., & ETXEBERRIA, F. (1983). Las cuevas sepulcrales de la Edad del Bronce en Guipúzcoa. Munibe, 35(3-4), 247-354.",0.21027223805001583,0.07009074601667194,0.03619909502262444,0.6666666666666666,0,0.041666666666666664,0,0,0.027777777777777776,0,0,0,0,0,0,0,0,0.5,0,0,0.3333333333333333,0,0,0,0,0,0.018518518518518517,0,0.2916666666666667,0.012820512820512822,0.3522770041400075,0,0.02201731275875047,0,0,0.014678208505833646,0,0,0,0,0,0,0,0,0.26420775310500566,0,0,0.17613850207000376,0,0,0,0,0,0.00978547233722243,0,0.1541211893112533,0.006774557771923222,0.09606481481481483,0.1014957264957265,0.01566951566951567,0.06926638176638177,0.05882478632478633,0.8426649631745078,0.03703703703703704,0.01375,3.1248406369522286,0.586201713512701,0.06445868945868946,0.24232353294643438,-11.145729392790855,3.999509633635958e-6,1.4436809570379056e-5,0.7558795530838218,0.48998439253918424,1.8794401011702997,-0.06926638176638177,0.18041666666666667,0.0925925925925926,0.3297384638508943,1.4436809570379056e-5,2,3.3330592300518e-6,0.8003285550985836,0.19212962962962965,0.15264475272323988
Errtxorta,38_0,Errtxorta,NA,TRUE,Holocene,Bronze Age,NA,4000,3500,1,Cave,NA,NA,NA,West Europe,Spain,2,Mixed,0,1,0,1,Indet,Cuevas Sepulcrales,NA,NA,NA,H. sapiens,Errtxorta 38_0 Secondary position,"ARMENDARIZ, A., & ETXEBERRIA, F. (1983). Las cuevas sepulcrales de la Edad del Bronce en Guipúzcoa. Munibe, 35(3-4), 247-354.",0.24316766909359502,0.12158383454679751,0.06334841628959276,1,0,0.0625,0,0,0.14583333333333334,0,0.25,0,0,0,1,0,0,0,0,0.5,0,0,0,0,0,0,0.06481481481481481,0,0.25,0.009615384615384616,0.3046213929268822,0,0.019038837057930136,0,0,0.04442395313517032,0,0.07615534823172054,0,0,0,0.3046213929268822,0,0,0,0,0.1523106964634411,0,0,0,0,0,0,0.019743979171186806,0,0.07615534823172054,0.0029290518550661748,0.10069444444444445,0.08653846153846154,0.03721509971509972,0.0795346628679962,0.07621349715099715,0.7765383645349841,0.07253086419753087,0.064375,0.8928586734475221,0.6212306916279873,0.01400759734093067,0.2868719527860428,-0.24102295399426724,7.998418701450735e-6,0.7858235883911813,0.7116759512041875,0.37666320809029663,1.8898308850138321,-0.017034662867996195,0.283125,0.027777777777777776,0.46592301872099046,0.7858235883911813,2,4.999503295858467e-6,0.9986968539233327,0.1388888888888889,0.24017700191766492
Feldhofer Grotte,39_0,Kleine Feldhofer Grotte,NA,TRUE,Late Pleistocene,Middle Paleolithic,Micoquian,42684,42002,3,Cave,Cave Interior,NA,NA,West Europe,Germany,2,Adult,0,0,0,2,Indet,Unknown,NA,Quarry,NA,H. neanderthalensis,Feldhofer Grotte 39_0 NA,NA,0.41674580563469454,0.20837290281734727,0.11312217194570136,0.5,0,0.10416666666666667,0,0,0.16666666666666666,0,0.25,0,0,0.25,0,0,0,0.75,0,0,0.75,0,0,1,0,0,0.1388888888888889,1.5,0.1875,0.028846153846153848,0.08887200911507785,0,0.018515001898974554,0,0,0.02962400303835928,0,0.044436004557538926,0,0,0.044436004557538926,0,0,0,0.13330801367261677,0,0,0.13330801367261677,0,0,0.1777440182301557,0,0,0.024686669198632737,0.26661602734523354,0.03332700341815419,0.005127231295100646,0.5121527777777778,0.5721153846153846,0.08386752136752137,0.36939102564102566,0.30006410256410254,0.6895332390381896,0.16666666666666669,0.066875,1.3020795573388666,0.5171499292786422,0.4054487179487179,0.41640419952277846,0.7622832107536291,0.09349619562530105,2.1431639334737764,0.6252062706270628,0.02030057847160438,1.5483977910470088,0.42227564102564097,0.17104166666666668,0.2777777777777778,0.3447666195190948,2.1431639334737764,3,9.999124426921166e-6,0.34229344465005407,0.2326388888888889,0.44453274602080617
Fondbregua H1,40_0,Grotte de Fontbrégoua,H1,TRUE,Holocene,Neolithic,Néolithique ancien (Cardial),6250,5650,1,Cave,Cave Interior,NA,NA,West Europe,France,7,Mixed,0,4,0,3,Indet,Cannibalism,NA,Formal excavation,Partial,H. sapiens,Fondbregua H1 40_0 NA,"Villa, P., Courtin, J., Helmer, D., Shipman, P., Bouville, C. P., Mahieu, E., ... & Branca, M. (1986). Un cas de cannibalisme au Néolithique. Gallia préhistoire, 29(1), 143-171.",0.49459217051809645,0.07065602435972806,0.025210084033613446,1,0,0.023809523809523808,0,0,0,0,0.21428571428571427,0,0,0.14285714285714285,0,0,0,0.21428571428571427,0,0,0.14285714285714285,0,0,0,0,0,0.018518518518518517,0,0.14285714285714285,0.008241758241758242,0.5241879566910235,0,0.012480665635500559,0,0,0,0,0.11232599071950504,0,0,0.074883993813003355,0,0,0,0.11232599071950504,0,0,0.074883993813003355,0,0,0,0,0,0.009707184383167101,0,0.074883993813003355,0.004320230412288656,0.060515873015873016,0.05036630036630036,0.013380138380138379,0.04480396147062814,0.03657916157916158,0.8841309823677581,0.03924162257495591,0.020833333333333336,23810.52380952381,0.7736146095717884,0.011124677791344448,0.1507556935197056,-0.4090560689526548,3.999467444978526e-6,0.6642769859631688,0.8043450881612091,0.4229727112260435,2.390586843221016,-0.015042056708723373,0.25595238095238093,0.03968253968253969,0.6630982367758187,0.6642769859631688,1,3.333036345389227e-6,1.0750361774430153,0.09126984126984126,0.234735102056255
Fondbregua H3,41_0,Grotte de Fontbrégoua,H3,TRUE,Holocene,Neolithic,Néolithique ancien (Cardial),6010,5750,1,Cave,Cave Interior,NA,NA,West Europe,France,6,Mixed,0,3,0,3,Indet,Cannibalism,NA,Formal excavation,Partial,H. sapiens,Fondbregua H3 41_0 NA,"Villa, P., Courtin, J., Helmer, D., Shipman, P., Bouville, C. P., Mahieu, E., ... & Branca, M. (1986). Un cas de cannibalisme au Néolithique. Gallia préhistoire, 29(1), 143-171.",0.4627914951989026,0.07713191586648377,0.04072398190045249,0,0,0.013888888888888888,0,0,0.0625,0,0.25,0,0,0.5,0,0,0.25,0.5,0,0,0,0,0,0,0,0,0.006172839506172839,0.16666666666666666,0.3333333333333333,0,0,0,0.006669136717302704,0,0,0.03001111522786217,0,0.12004446091144869,0,0,0.24008892182289737,0,0,0.12004446091144869,0.24008892182289737,0,0,0,0,0,0,0,0,0.0029640607632456465,0.08002964060763246,0.16005928121526491,0,0.1909722222222222,0.16666666666666666,0.0030864197530864196,0.12834362139917696,0.10174382716049382,0.6142878810860003,0.09002057613168725,0.042222222222222223,0.4629808636008429,0.40952525405733353,0.07664609053497941,0.39081998416050934,0.1277522735427681,7.997668674478521e-6,1.1362714833195846,0.6430001516760201,0.0011956162825549344,1.3500890347373644,0.017489711934156355,0.010972222222222222,0.1388888888888889,0.20476262702866677,1.1362714833195846,1,3.33300947520379e-6,0.020325602125284933,0.2361111111111111,0.1098248671899143
Fonds-de-Forêt,42_0,Première Caverne du Bay-Bonnet (Fonds-de-Forêt),NA,TRUE,Late Pleistocene,NA,NA,44000,42000,3,Cave,Cave interior,NA,NA,West Europe,Belgium,1,Adult,0,0,0,1,Indet,Carnivore,Carnivore Scavenge (in situ),Formal excavation,Partial,H. neanderthalensis,Fonds-de-Forêt 42_0 NA,"Devièse T, Abrams G, Hajdinjak M, Pirson S, De Groote I, Di Modica K, Toussaint M, Fischer V, Comeskey D, Spindler L, Meyer M, Semal P, Higham T. Reevaluating the timing of Neanderthal disappearance in Northwest Europe. Proc Natl Acad Sci U S A. 2021 Mar 23;118(12):e2022466118. doi: 10.1073/pnas.2022466118. Epub 2021 Mar 8. PMID: 33798098; PMCID: PMC7999949.",0.004629629629629629,0.004629629629629629,0.004524886877828055,0,0,0,0,0,0,0,0,0,0,0,0,0,0,0,0,0,0,0,0,0,0,0,0,0,0.125,0,0,0,0,0,0,0,0,0,0,0,0,0,0,0,0,0,0,0,0,0,0,0,0,0,0,1,0,0.03125,0.041666666666666664,0,0.020833333333333332,0.015625,1,0,0,1,1,0.041666666666666664,0,-9.94435754590442,1.1428558367466354e-6,4.799769611058669e-5,0.9,0.015175963572300222,3.162277660168379,-0.020833333333333332,0,0,1,4.799769611058669e-5,0,1.1111101234655691e-6,0.026048048594515368,0.0625,0.03922738274366875
Foradada Cremated,43_0,Cova Foradada,NA,TRUE,Holocene,Late Bronze Age,NA,NA,NA,1,Cave,NA,NA,NA,West Europe,Spain,5,Indet,0,2,0,3,Mixed,Funerary Context,Cremation,NA,NA,H. sapiens,Foradada Cremated 43_0 NA,"Moreno-Ibáñez, M. Á., Saladié, P., Morales, J. I., Cebrià, A., & Fullola, J. M. (2022). Inhumation and cremation: identifying funerary practices and reuse of space through forensic taphonomy at Cova Foradada (Calafell, Spain). Archaeological and Anthropological Sciences, 14(3), 57.",0.654874960430516,0.1309749920861032,0.15294117647058825,0.6,0.2,0.15,0,0.2,0.11666666666666667,0,0.2,0,0,0.3,0,0,0,0.2,0,0,0.2,0,0,0.2,0,0,0.28888888888888886,0.6,0.15,0.13076923076923078,0.16966767371601207,0.05655589123867069,0.04241691842900302,0,0.05655589123867069,0.03299093655589124,0,0.05655589123867069,0,0,0.08483383685800604,0,0,0,0.05655589123867069,0,0,0.05655589123867069,0,0,0.05655589123867069,0,0,0.08169184290030211,0.16966767371601207,0.04241691842900302,0.03697885196374622,0.225,0.2935897435897436,0.2098290598290598,0.21994301994301993,0.19120726495726495,0.5150970392926587,0.14629629629629629,0.12333333333333334,2.4999750004166597,0.25754851964632935,0.14729344729344732,0.7085221071627834,0.4404654705605939,0.1146551412448829,1.5534301262438561,0.42189896173460023,0.17206796318983653,0.8794810406687668,0.12172364672364674,0.2525,0.06666666666666667,0,1.5534301262438561,3,0.130819687207578,0.4546275245384619,0.10833333333333334,0.18643009377353906
Foradada Collectiv Burial,44_0,Cova Foradada,NA,TRUE,Holocene,Neolithic,NA,1500,4500,1,Cave,NA,NA,NA,West Europe,Spain,18,Indet,0,4,1,13,Mixed,Funerary Context,Collective burial,NA,NA,H. sapiens,Foradada Collectiv Burial 44_0 NA,"Moreno-Ibáñez, M. Á., Saladié, P., Morales, J. I., Cebrià, A., & Fullola, J. M. (2022). Inhumation and cremation: identifying funerary practices and reuse of space through forensic taphonomy at Cova Foradada (Calafell, Spain). Archaeological and Anthropological Sciences, 14(3), 57.",1.7658541732615807,0.09810300962564336,0.2171945701357466,0.2777777777777778,0.3333333333333333,0.10648148148148148,0,0.16666666666666666,0.037037037037037035,0,0.027777777777777776,0,0,0.05555555555555555,0,0,0,0.2222222222222222,0,0,0.1111111111111111,0,0,0.027777777777777776,0,0,0.4465020576131687,0.3888888888888889,0.1111111111111111,0.3365384615384615,0.10487003286525245,0.12584403943830294,0.040200179265013444,0,0.06292201971915147,0.013982671048700327,0,0.010487003286525246,0,0,0.020974006573050492,0,0,0,0.08389602629220197,0,0,0.041948013146100985,0,0,0.010487003286525246,0,0,0.16856886764266504,0.14681804601135345,0.041948013146100985,0.12705407827905585,0.1385030864197531,0.27884615384615385,0.3915202595758151,0.22284214413844042,0.18308068217790438,0.4024513081955038,0.166838134430727,0.1187037037037037,5.04366810694932,0.2151032854148382,0.11200801941542685,0.6837430876666866,-0.1012253595544074,0.04693264298795943,0.9037293458926259,0.4238098215504364,0.09922846441839317,0.7983857623595635,-0.021453255249551523,0.18467592592592594,0.040123456790123455,0.027755262634172634,0.9037293458926259,5,0.056478977181403996,0.2792507720194934,0.07561728395061729,0.1572883408943086
Gegant  I Gegant  II Gegant  III Gegant  IV - V,45_1 45_2 45_3 45_4,Cova del Gegant,Unit II,TRUE,Late Pleistocene,Middle Paleolithic,Mousterian,55400,50200,3,Cave,NA,NA,NA,West Europe,Spain,4,Mixed,0,2,1,1,Indet,Carnivore,Carnivore den(transport),NA,NA,H. neanderthalensis,Gegant  I 45_1 15yrs +; Gegant  II 45_2 8-10yrs; Gegant  III 45_3 NA; Gegant  IV - V 45_4 4-5 yrs,NA,0.09259259259259259,0.023148148148148147,0.003393665158371041,0.5,0,0,0,0,0,0,0,0,0,0,0,0,0,0.125,0,0,0,0,0,0,0,0,0,0,0,0,0.8,0,0,0,0,0,0,0,0,0,0,0,0,0,0.2,0,0,0,0,0,0,0,0,0,0,0,0,0.003472222222222222,0,0,0.0023148148148148147,0.001736111111111111,1,0.004629629629629629,0,1,0.972972972972973,-0.004629629629629629,0.014699984280125842,-7.747516876435029,1.1428453887222995e-6,4.318134565867545e-4,0.8945945945945947,0.412785028435838,3.068490157726481,-0.0023148148148148147,0.125,0.013888888888888888,0.945945945945946,4.318134565867545e-4,1,1.249988438417504e-6,0.5419297258770027,0.006944444444444444,0.12083493759680605
GC Subadult I GC Subadult II GC Subadult III GC Adult I GC Adult II GC Adult III Adult indet,46_1 46_2 46_3 46_4 47_5 46_6 46_7,Gough's Cave,NA,TRUE,Late Pleistocene,Upper Paleolithic,Magdalenian,14700,14700,2,Cave,NA,NA,NA,West Europe,United Kingdom,10,Mixed,1,1,1,3,Indet,Cannibalism,NA,Formal excavation,Complete,H. sapiens,"GC Subadult I 46_1 3,2yrs; GC Subadult II 46_2 Young adolescent 12-14; GC Subadult III 46_3 Older Adolescent 14-16 yrs; GC Adult I 46_4 NA; GC Adult II 47_5 NA; GC Adult III 46_6 NA; Adult indet 46_7 MNI set to 2","1) Bello, S. M., Saladié, P., Cáceres, I., Rodríguez-Hidalgo, A., & Parfitt, S. A. (2015). Upper Palaeolithic ritualistic cannibalism at Gough's Cave (Somerset, UK): the human remains from head to toe. Journal of Human Evolution, 82, 170-189. 2) Bello, S. M., Wallduck, R., Parfitt, S. A., & Stringer, C. B. (2017). An Upper Palaeolithic engraved human bone associated with ritualistic cannibalism. PLoS One, 12(8), e0182127.",1.1359607470718582,0.11359607470718582,0.044343891402714934,0.1,0,0.04166666666666667,0,0,0.17083333333333334,0,0,0.1,0.2,0,0.1,0.3,0,0,0.3,0.2,0,0.2,0.2,0,0.3,0.4,0.005555555555555555,0.3,0.1375,0.011538461538461539,0.03260415215271004,0,0.01358506339696252,0,0,0.055698759927546325,0,0,0.03260415215271004,0.06520830430542009,0,0.03260415215271004,0.09781245645813014,0,0,0.09781245645813014,0.06520830430542009,0,0.06520830430542009,0.06520830430542009,0,0.09781245645813014,0.13041660861084017,0.0018113417862616692,0.09781245645813014,0.04483070920997632,0.0037620175560819286,0.14618055555555556,0.14967948717948718,0.008547008547008548,0.10030270655270655,0.09068536324786325,0.5299928040049078,0.05092592592592592,0.0455,0.5081360796413054,0.36342363703193675,0.09875356125356125,0.5765765208416878,0.5801194037653217,0.023404158723782004,1.7862517031962273,0.5125790135792051,0.003193211926982409,1.0736341583414402,0.07886396011396012,0.05591666666666667,0.08888888888888888,0.19685447005896572,1.7862517031962273,1,9.996483042408272e-6,0.026789543847604996,0.11319444444444444,0.08848504949588373
Goyet adult Goyet juvenil,47_1 47_2,Troisième caverne of Goyet,"FBL 2 and 3, FBL 2 and 4",TRUE,Late Pleistocene,Middle Paleolithic,Mousterian,45500,40500,3,Cave,NA,NA,NA,West Europe,Belgium,5,Mixed,0,1,0,4,Indet,Cannibalism,NA,Formal excavation,Partial,H. neanderthalensis,Goyet adult 47_1 NA; Goyet juvenil 47_2 NA,"Rougier, H., Crevecoeur, I., Beauval, C., Posth, C., Flas, D., Wißing, C., ... & Krause, J. (2016). Neandertal cannibalism and Neandertal bones used as tools in Northern Europe. Scientific reports, 6(1), 29005.",0.2554869684499314,0.05109739368998628,0.0334841628959276,0.4,0,0.008333333333333333,0,0,0.09166666666666666,0,0.1,0,0,0,0,0,0,0.2,0,0,0.1,0,0,0,0,0,0.029629629629629627,0.2,0.25,0,0.28993288590604027,0,0.006040268456375839,0,0,0.06644295302013423,0,0.07248322147651007,0,0,0,0,0,0,0.14496644295302014,0,0,0.07248322147651007,0,0,0,0,0,0.021476510067114093,0.14496644295302014,0.18120805369127518,0,0.125,0.15,0.014814814814814814,0.0882716049382716,0.07274537037037038,0.6619394259419906,0.026543209876543208,0.017249999999999998,0.1894123618402612,0.40734733904122505,0.12345679012345678,0.390606176506996,0.20479231476548096,7.997796953418638e-6,1.2272701526038656,0.651148493192019,0.3428875632171279,1.4010416244160806,0.020061728395061734,0.11308333333333334,0.03333333333333333,0.15275525214045943,1.2272701526038656,2,4.9993052048817015e-6,0.4309323077951596,0.14166666666666666,0.11152339693853693
Gran Dolina TD6,48_0,Gran Dolina,TD6,TRUE,Lower Pleistocene,Lower Paleolithic,Mode 1 (Oldowan-like),900000,772000,21-25,Cave,Cave interior,NA,NA,West Europe,Spain,11,Mixed,0,1,2,8,Mixed,Cannibalism,NA,Formal excavation,Partial,H. antecessor,Gran Dolina TD6 48_0 NA,"Saladié et al 2011Table 3
Pablos et al. (2012: 611-612)
Lorenzo et al. (1999: 479, 502, 505-506)
Gomez-Olivencia et al. (2010: 625-631);",0.5696159122085048,0.05178326474622771,0.03825586178527355,0.45454545454545453,0,0.05303030303030303,0,0,0.05303030303030303,0,0.13636363636363635,0,0,0.13636363636363635,0,0,0,0.13636363636363635,0,0,0.09090909090909091,0,0,0.09090909090909091,0,0,0.04208754208754209,0.09090909090909091,0.09090909090909091,0.022727272727272728,0.325105358217941,0,0.037928958458759786,0,0,0.037928958458759786,0,0.0975316074653823,0,0,0.0975316074653823,0,0,0,0.0975316074653823,0,0,0.0650210716435882,0,0,0.0650210716435882,0,0,0.030102347983142683,0.0650210716435882,0.0650210716435882,0.01625526791089705,0.06565656565656566,0.06818181818181818,0.03240740740740741,0.05457351290684624,0.05074074074074074,0.63390201909532,0.0409652076318743,0.030984848484848487,2.0832907754814394,0.5282516825794333,0.027216610549943877,0.4492273861968227,0.2226256231015853,0.040366803851735696,1.2493527573612995,0.5754812959774612,0.39919122168691523,1.5406193232581484,0.013608305274971935,0.13325757575757574,0.03535353535353535,0.42260134606354666,1.2493527573612995,1,9.997996575039464e-6,0.4480322794334746,0.06313131313131314,0.1027542764705723
Grotte de la Tour,49_0,"Grotte de la Tour (La Chaise-de-Vouthon, Charente, France)",NA,TRUE,Late Pleistocene,NA,NA,57000,29000,3,Cave,Cave Interior,NA,NA,West Europe,France,1,Adult,0,0,0,0,Male,Carnivore,NA,Casual,NA,H. neanderthalensis,Grotte de la Tour 49_0 NA,"Puymerail, L., Volpato, V., Debénath, A., Mazurier, A., Tournepiche, J. F., & Macchiarelli, R. (2012). A Neanderthal partial femoral diaphysis from the “grotte de la Tour”, La Chaise-de-Vouthon (Charente, France): Outer morphology and endostructural organization. Comptes Rendus Palevol, 11(8), 581-593.",0.004629629629629629,0.004629629629629629,0.004524886877828055,0,0,0,0,0,0,0,0,0,0,0,0,0,0,0,0,0,0,0,0,0,0,0,0,0,0.125,0,0,0,0,0,0,0,0,0,0,0,0,0,0,0,0,0,0,0,0,0,0,0,0,0,0,1,0,0.03125,0.041666666666666664,0,0.020833333333333332,0.015625,1,0,0,1,1,0.041666666666666664,0,-9.94435754590442,1.1428558367466354e-6,4.799769611058669e-5,0.9,0.015175963572300222,3.162277660168379,-0.020833333333333332,0,0,1,4.799769611058669e-5,0,1.1111101234655691e-6,0.026048048594515368,0.0625,0.03922738274366875
GB I,50_1,Grotte du Bison (Arcy-sur-Cure),Level I,TRUE,Late Pleistocene,Middle Paleolithic,Mousterian,52000,40000,3,Cave,NA,NA,NA,West Europe,France,1,Adult,0,0,0,1,Indet,Carnivore den(transport),NA,Formal excavation,Partial,H. neanderthalensis,"GB I 50_1 teeth: C1, P3, P4, M1, M2, M3 (in situ)","Beauval, C., Maureille, B., Lacrampe-Cuyaubere, F., Serre, D., Peressinotto, D., Bordes, J. G., ... & Trinkaus, E. (2005). A late Neandertal femur from les Rochers-de-Villeneuve, France. Proceedings of the National Academy of Sciences, 102(20), 7085-7090.",0.037037037037037035,0.037037037037037035,0.004524886877828055,1,0,0,0,0,0,0,0,0,0,0,0,0,0,0,0,0,0,0,0,0,0,0,0,0,0,0,1,0,0,0,0,0,0,0,0,0,0,0,0,0,0,0,0,0,0,0,0,0,0,0,0,0,0,0,0,0,0,0,1,0,0,1,1,0,0,0,0,1,0.9,0.3979077550336272,3.162277660168379,0,0.25,0,1,1,1,1.1111109876544583e-6,1.067033966571821,0,0.24537568032842474
GO Adult,51_1,"Gruta da OliveiraGruta da Oliveira (Torres Novas), Portuga",Middle Palaeolithic sequence(9–10; 17–18; 22),TRUE,Late Pleistocene,Middle Paleolithic,Mousterian,93000,71000,5a–5b,Cave,collapsed entrance,NA,NA,West Europe,Portugal,3,Adult,0,0,0,2,Indet,Carnivore,NA,Formal excavation,Partial,H. neanderthalensis,GO Adult 51_1 Juvenil only mandiible,"Willman, J. C., Maki, J., Bayle, P., Trinkaus, E., & Zilhao, J. (2012). Middle Paleolithic Human Remains from the Gruta da Oliveira (Torres Novas), Portugal. American Journal of Physical Anthropology, 149(1), 39-51.",0.09859396433470508,0.032864654778235025,0.00904977375565611,0,0,0,0,0,0,0,0,0,0,0,0,0,0,0,0.6666666666666666,0,0,0,0,0.16666666666666666,0,0,0.012345679012345678,0,0.041666666666666664,0,0,0,0,0,0,0,0,0,0,0,0,0,0,0,0,0.7513043478260869,0,0,0,0,0.18782608695652173,0,0,0.013913043478260868,0,0.04695652173913043,0,0.024305555555555552,0.013888888888888888,0.006172839506172839,0.018261316872427984,0.013695987654320986,0.8873239436619719,0.022633744855967076,0,1,0.5070422535211268,-0.008744855967078188,0.17850763065542155,-9.812595028489335,1.5999606433554584e-6,5.475756482518253e-5,0.7788732394366198,0.17943870436310172,1.8690517631023813,-0.018261316872427984,0,0.05555555555555555,0.12676056338028163,5.475756482518253e-5,0,1.4285463284941703e-6,0.0464033972756309,0.048611111111111105,0.018550695050333434
Guattari,52_0,Grotta Guattari,Laghetto,TRUE,Late Pleistocene,Middle Paleolithic,Mousterian,66000,65000,4,Cave,Cave Interior,NA,NA,West Europe,Italy,4,Mixed,0,1,0,3,Mixed,Carnivore,Carnivore den(transport),Formal excavation,Partial,H. neanderthalensis,Guattari 52_0 NA,"Rubini, M., Rolfo, M., Ferracci, A., Zaio, P., & Di Mario, F. (2024). New horizons on the knowledge of the population during the Middle/Late Pleistocene. The human remains of Guattari Cave (San Felice Circeo, Latina, Italy).",0.18981481481481483,0.047453703703703706,0.006787330316742082,1,0,0,0,0,0,0,0,0,0,0,0,0,0,0,0,0,0,0,0,0,0,0,0,0.25,0.03125,0,0.7804878048780488,0,0,0,0,0,0,0,0,0,0,0,0,0,0,0,0,0,0,0,0,0,0,0,0.1951219512195122,0.024390243902439025,0,0.0703125,0.09375,0,0.046875,0.03515625,0.975609756097561,0,0,1,0.7804878048780488,0.09375,0.09192695316784438,0.9808159198739453,1.333325333612434e-6,2.6666311118696133,0.8512195121951219,0.36865036773465243,2.467181643109502,0.078125,0.25,0,0.5853658536585367,2.6666311118696133,2,1.4285638778033728e-06,1.0266664777631322,0.015625,0.25117127453772153
Hahnöfersand,53_0,Hahnöfersand,Glacial river sands,TRUE,Late Pleistocene,Upper Paleolithic,NA,42000,40000,3,NA,NA,Open air,Fluvial deposits,West Europe,Germany,1,Adult,0,0,0,1,Indet,Geological transport,NA,NA,NA,H. sapiens,Hahnöfersand 53_0 NA,"Schwartz, J. H. (2002). The Human Fossil Record, Volume 1, Terminology and Craniodental Morphology. John Wiley & Sons.",0.037037037037037035,0.037037037037037035,0.004524886877828055,1,0,0,0,0,0,0,0,0,0,0,0,0,0,0,0,0,0,0,0,0,0,0,0,0,0,0,1,0,0,0,0,0,0,0,0,0,0,0,0,0,0,0,0,0,0,0,0,0,0,0,0,0,0,0,0,0,0,0,1,0,0,1,1,0,0,0,0,1,0.9,0.3979077550336272,3.162277660168379,0,0.25,0,1,1,1,1.1111109876544583e-6,1.067033966571821,0,0.24537568032842474
Hathnora,54_0,Hathnora,NA,TRUE,Middle Pleistocene,Middle Paleolithic,Upper Acheulean,236000,47000,46088,NA,NA,Open air,Fluvial deposits,South Asia,India,1,Adult,0,0,0,1,Indet,Geological transport,NA,Casual,NA,Middle Pleistocene hominin,Hathnora 54_0 30–40yrs,"Schwartz, J. H., & Tattersall, I. (2005). The human fossil record, craniodental morphology of genus Homo (Africa and Asia) (Vol. 2). John Wiley & Sons.                                                                           de Lumley, H., & Sonakia, A. (1985). Contexte stratigraphique et archéologique de l’homme de la Narmada, Hathnora, Madhya Pradesh, India. L’Anthropologie, 89.",0.11265432098765432,0.11265432098765432,0.01809954751131222,1,0,0,0,0,0.041666666666666664,0,0,1,1,0,0,0,0,0,0,0,0,0,0,0,0,0,0,0,0,0,0.32876712328767127,0,0,0,0,0.0136986301369863,0,0,0.32876712328767127,0.32876712328767127,0,0,0,0,0,0,0,0,0,0,0,0,0,0,0,0,0,0.041666666666666664,0,0,0.027777777777777776,0.02333333333333333,0.9831460674157303,0.05555555555555555,0.04666666666666666,4.999750012499374e-5,0.8426966292134831,-0.05555555555555555,0.07002768028032051,1.0985882892440948,1.3333208895685532e-6,2.999928002591907,0.8651685393258426,0.32178056051338777,2.64606145184089,0.05555555555555555,0.255,0,0.7022471910112359,2.999928002591907,1,1.4285597965308108e-6,0.9527865413302952,0,0.2585912265038395
Herxheim Adult Herxheim Subadult Herxheim Infant,55_1 55_2 55_3,Herxheim,Deposit K,TRUE,Holocene,Neolithic,Linear Pottery Culture,7250,6900,1,NA,NA,Open Air,Enclosure ditches,West Europe,Germany,22,Mixed,2,0,7,13,Indet,Cannibalism,NA,Formal excavation,Partial,H. sapiens,Herxheim Adult 55_1 1/80 deposits ?; Herxheim Subadult 55_2 1/80 deposits ?; Herxheim Infant 55_3 1/80 deposits ?,"Coupey Anne-Sophie, & Boulestin, B. Boulestin B. & Coupey A.-S. (2015) – Cannibalism in the Linear Pottery Culture: The Human Remains from Herxheim. Oxford : Archaeopress.",3.277540360873694,0.14897910731244066,0.0944055944055944,0.7727272727272727,0.045454545454545456,0.125,0,0,0.13257575757575757,0,0.22727272727272727,0,0,0.36363636363636365,0,0,0,0.5681818181818182,0,0,0.5227272727272727,0,0,0.4772727272727273,0,0,0.06818181818181818,0.36363636363636365,0.29545454545454547,0.06031468531468531,0.1921043100325969,0.011300253531329229,0.03107569721115538,0,0,0.03295907279971025,0,0.05650126765664615,0,0,0.09040202825063383,0,0,0,0.14125316914161537,0,0,0.12995291561028613,0,0,0.1186526620789569,0,0,0.016950380296993844,0.09040202825063383,0.07345164795364,0.014994567185802245,0.23295454545454547,0.2398018648018648,0.06424825174825174,0.17671911421911424,0.15611888111888111,0.5497293640054127,0.11363636363636363,0.0831439393939394,1.9642705614626057,0.3738159675236806,0.12616550116550118,0.6181541083627872,0.2681171624287964,0.10391324483183181,1.3075003209544904,0.4921064501578709,0.3926179114772985,1.0929823133819025,0.05434149184149184,0.25170454545454546,0.17424242424242425,0.19790257104194856,1.3075003209544904,3,0.09971985650603897,0.7572750066602072,0.23484848484848486,0.17608100843820532
Hohlestein Stadel,56_0,Hohlenstein-Stadel,NA,TRUE,Late Pleistocene,Middle Paleolithic,Mousterian,130000,120000,5,Cave,Cave Interior,NA,NA,West Europe,Germany,1,Adult,0,0,0,1,Male,Carnivore,Carnivore Scavenge (in situ),NA,NA,H. neanderthalensis,Hohlestein Stadel 56_0 NA,"Kunter, M., & Wahl, J. (1992). Das Femurfragment eines Neandertalers aus der Stadelhöhle des Hohlensteins im Lonetal. Fundberichte aus Baden-Württemberg, 17(1), 111-124.",0.004629629629629629,0.004629629629629629,0.004524886877828055,0,0,0,0,0,0,0,0,0,0,0,0,0,0,0,0,0,0,0,0,0,0,0,0,0,0.125,0,0,0,0,0,0,0,0,0,0,0,0,0,0,0,0,0,0,0,0,0,0,0,0,0,0,1,0,0.03125,0.041666666666666664,0,0.020833333333333332,0.015625,1,0,0,1,1,0.041666666666666664,0,-9.94435754590442,1.1428558367466354e-6,4.799769611058669e-5,0.9,0.015175963572300222,3.162277660168379,-0.020833333333333332,0,0,1,4.799769611058669e-5,0,1.1111101234655691e-6,0.026048048594515368,0.0625,0.03922738274366875
Jarama VI,57_0,Jarama VI rockshelter,Level 2,TRUE,Late Pleistocene,Middle Paleolithic,Mousterian,60000,50000,3,Rockshelter,NA,NA,NA,West Europe,Spain,1,Adult,0,0,0,1,Indet,Carnivore,Carnivore Scavenge (in situ),Formal excavation,Partial,H. neanderthalensis,Jarama VI 57_0 NA,"Kehl M, Burow C, Hilgers A, et al. Late Neanderthals at Jarama VI (central Iberia)? Quaternary Research. 2013;80(2):218-234. doi:10.1016/j.yqres.2013.06.010    Lorenzo, C., Navazo, M., Díez, J. C., Sesé, C., Arceredillo, D., & Pardo, J. F. J. (2012). New human fossil to the last Neanderthals in central Spain (Jarama VI, Valdesotos, Guadalajara, Spain). Journal of Human Evolution, 62(6), 720-725.",7.122507122507123e-4,7.122507122507123e-4,0.004524886877828055,0,0,0,0,0,0,0,0,0,0,0,0,0,0,0,0,0,0,0,0,0,0,0,0,0,0,0.019230769230769232,0,0,0,0,0,0,0,0,0,0,0,0,0,0,0,0,0,0,0,0,0,0,0,0,0,0,1,0,0.006410256410256411,0.009615384615384616,0.0032051282051282055,0.002403846153846154,1,0,0,1,1,0.006410256410256411,0,-8.072819321492913,1.142848653565731e-6,3.11902686361855e-4,0.8999999999999999,0.031005546261072214,3.1622776601683795,-0.0032051282051282055,0,0,1,3.11902686361855e-4,0,1.1111046917289223e-6,0.0057280050564443834,0,0.0059862837974291455
Kajiado,58_0,Kajiado,NA,TRUE,Holocene,NA,NA,NA,NA,1,Cave,Cave Interior,NA,NA,East Africa,Kenya,3,Indet,0,0,0,0,Indet,Carnivore,Carnivore den(transport),Formal excavation,NA,Middle Pleistocene hominin,Kajiado 58_0 Hyena den,"Sutcliffe, A. J. (1970). Spotted hyaena: Crusher, gnawer, digester and collector of bones. Nature, 227, 1110–1113                                                           Pokines, J. T., & Peterhans, J. C. K. (2007). Spotted hyena (Crocuta crocuta) den use and taphonomy in the Masai Mara National Reserve, Kenya. Journal of Archaeological Science, 34(11), 1914-1931.",0.1111111111111111,0.037037037037037035,0.004524886877828055,1,0,0,0,0,0,0,0,0,0,0,0,0,0,0,0,0,0,0,0,0,0,0,0,0,0,0,1,0,0,0,0,0,0,0,0,0,0,0,0,0,0,0,0,0,0,0,0,0,0,0,0,0,0,0,0,0,0,0,1,0,0,1,1,0,0,0,0,1,0.9,0.3979077550336272,3.162277660168379,0,0.25,0,1,1,1,1.1111109876544583e-6,1.067033966571821,0,0.24537568032842474
Kalamakia,59_0,Kalamakia,Unit IV,TRUE,Late Pleistocene,Middle Paleolithic,Mousterian,100000,39000,46086,Cave,Cave interior,NA,NA,South Europe,Greece,8,Mixed,0,0,2,6,Mixed,Carnivore,Carnivore Scavenge (in situ),Formal excavation,Partial,H. neanderthalensis,Kalamakia 59_0 NA,"Harvati, K., Darlas, A., Bailey, S. E., Rein, T. R., El Zaatari, S., Fiorenza, L., ... & Psathi, E. (2013). New Neanderthal remains from Mani peninsula, southern Greece: the Kalamakia middle Paleolithic cave site. Journal of Human Evolution, 64(6), 486-499.",0.04392212725546059,0.0054902659069325736,0.0022624434389140274,0.125,0,0.005208333333333333,0,0,0,0,0,0,0,0,0,0,0,0,0,0,0,0,0,0,0,0,0,0,0.015625,0.002403846153846154,0.8432432432432433,0,0.03513513513513513,0,0,0,0,0,0,0,0,0,0,0,0,0,0,0,0,0,0,0,0,0,0,0.10540540540540541,0.016216216216216217,0.00390625,0.006009615384615385,0.001201923076923077,0.0030048076923076925,0.002904647435897436,0.9486486486486487,0,0.0013020833333333333,5209.333333333333,0.8432432432432433,0.006009615384615385,0.0844651667567731,-8.008301593651584,1.5997850573388407e-6,3.326892810072807e-4,0.8551351351351351,0.4092411300571097,2.632419483106319,-0.0030048076923076925,0.032552083333333336,0,0.7378378378378379,3.326892810072807e-4,0,1.6664778586139282e-6,0.13353309645165412,0.0078125,0.029992824413151056
Kebara 2,60_0,Kebara Cave,Unit XI,TRUE,Late Pleistocene,Middle Paleolithic,Mousterian,60000,60000,3,Cave,NA,NA,NA,West Asia,Levant / Occupied Palestine,1,Adult,0,0,0,1,Male,Funerary Context,Inhumation single,Formal excavation,Partial,H. neanderthalensis,Kebara 2 60_0 NA,"1) NSB: Data 2) Bar-Yosef, O., & Vandermeersch, B. (Eds.). (1991). Le Squelette Moustérien de Kébara 2. CNRS Éditions. 3) Valladas, H., Joron, J. L., Valladas, G., Arensburg, B., Bar-Yosef, O., Belfer-Cohen, A., Goldberg, P., Laville, H., Meignen, L., Rak, Y., Tchernov, E., Tillier, A. M., & Vandermeersch, B. (1987). Thermoluminescence dates for the Neanderthal burial site at Kebara in Israel. Nature, 330(6144), 159–160.",0.6116255144032922,0.6116255144032922,0.502262443438914,1,1,1,0,1,1,0,0,1,1,0,1,1,0,0.5,1,0,0,1,1,0,1,1,0.8888888888888888,1,0.125,0,0.060555088309503784,0.060555088309503784,0.060555088309503784,0,0.060555088309503784,0.060555088309503784,0,0,0.060555088309503784,0.060555088309503784,0,0.060555088309503784,0.060555088309503784,0,0.030277544154751892,0.060555088309503784,0,0,0.060555088309503784,0.060555088309503784,0,0.060555088309503784,0.060555088309503784,0.05382674516400336,0.060555088309503784,0.007569386038687973,0,0.44791666666666663,0.375,0.4444444444444444,0.44675925925925924,0.5225694444444444,0.32359550561797756,0.5185185185185185,0.7083333333333334,1.9999980000039996,0.16179775280898878,-0.1435185185185185,0.7562985733646524,0.4002695528904716,7.999847003640162e-6,1.4922268775025334,0.33730337078651684,0.011879168705797749,0.6512332152040028,0.21990740740740738,0.875,0.3333333333333333,0,1.4922268775025334,8,9.999788755375174e-6,-0.23466273351364547,0.22916666666666666,0.4001004916885798
Kiik Koba I Kiik Koba II,61_1 61_2,Kiik-Koba,Layer IV - VI,TRUE,Late Pleistocene,Middle Paleolithic,Micoquian,70000,35000,"46085, 46086",Cave,NA,NA,NA,Eastern Europe,Crimea,2,Mixed,1,0,0,1,Indet,Funerary Context,Inhumation single,Formal excavation,NA,H. neanderthalensis,Kiik Koba I 61_1 NA; Kiik Koba II 61_2 4-6m yrs,"1) Trinkaus, E., Maley, B., & Buzhilova, A. P. (2008). Brief communication: Paleopathology of the Kiik-Koba 1 Neandertal. American Journal of Physical Anthropology, 137(1), 106–112. 2) Adrián Pablos, Ignacio Martínez, Carlos Lorenzo, Ana Gracia, Nohemi Sala, Juan Luis Arsuaga, Human talus bones from the Middle Pleistocene site of Sima de los Huesos (Sierra de Atapuerca, Burgos, Spain), Journal of Human Evolution, Volume 65, Issue 1, 2013, 3) Trinkaus, E., Mednikova, M. B., & Cowgill, L. W. (2016). The Appendicular Remains of the Kiik-Koba 2 Neandertal Infant. PaleoAnthropology, 185-212.",0.4747942386831276,0.2373971193415638,0.2850678733031674,0,0,0.4583333333333333,0,0,0.22916666666666666,0,0,0.5,0.5,0,0.5,0,0,0,0.5,0,0,0.5,0.5,0,0.5,0.5,0.2222222222222222,0.5,0.5,0.5,0,0,0.07150595882990249,0,0,0.035752979414951244,0,0,0.0780065005417118,0.0780065005417118,0,0.0780065005417118,0,0,0,0.0780065005417118,0,0,0.0780065005417118,0.0780065005417118,0,0.0780065005417118,0.0780065005417118,0.03466955579631636,0.0780065005417118,0.0780065005417118,0.0780065005417118,0.3159722222222222,0.5,0.3611111111111111,0.3310185185185185,0.31930555555555556,0.39147455415397997,0.16203703703703703,0.17333333333333334,4.166637879049584,0.19573727707698999,0.33796296296296297,0.6466410519529849,-0.05756967280105558,0.21637708509625247,0.9440561130612529,0.43192692474989125,0.019127509549615618,0.8293643428651464,-0.01851851851851849,0.14208333333333334,0.1388888888888889,0,0.9440561130612529,4,4.999907570479226e-6,-0.1567321452293216,0.3194444444444444,0.2098205875049686
Koba Lotx,62_0,Koba Lotx,NA,TRUE,Holocene,Bronze Age,NA,4000,3500,1,Cave,NA,NA,NA,West Europe,Spain,2,Adults,0,0,0,1,Indet,Cuevas Sepulcrales,NA,NA,NA,H. sapiens,Koba Lotx 62_0 Surface disposal,"ARMENDARIZ, A., & ETXEBERRIA, F. (1983). Las cuevas sepulcrales de la Edad del Bronce en Guipúzcoa. Munibe, 35(3-4), 247-354.",0.1161891948928986,0.0580945974464493,0.020361990950226245,0.5,0,0.020833333333333332,0,0,0,0,0,0,0,0,0,0,0,0,1,0,0,0,0,0,0,0,0.009259259259259259,0,0,0.038461538461538464,0.31876489953456694,0,0.013281870813940288,0,0,0,0,0,0,0,0,0,0,0,0,0.6375297990691339,0,0,0,0,0,0,0,0.0059030536950845725,0,0,0.02452037688727438,0.013888888888888888,0.012820512820512822,0.02386039886039886,0.01721272554605888,0.015513710826210825,0.8901569186875892,0.021604938271604937,0.005208333333333333,20834.333333333336,0.8011412268188303,-0.008784425451092115,0.12191977840915137,-9.753462341435222,1.999900012482305e-6,5.809317671089232e-5,0.8256490727532098,0.4668711648690198,2.483016181080861,-0.01721272554605888,0.13020833333333334,0.05555555555555555,0.7121255349500714,5.809317671089232e-5,1,1.999919209251947e-6,0.5664036474932121,0.027777777777777776,0.11315052132646052
Koba Zarra,63_0,Koba Zarra,NA,TRUE,Holocene,Bronze Age,NA,4000,3500,1,Cave,NA,NA,NA,West Europe,Spain,4,Mixed,1,1,0,2,Indet,Cuevas Sepulcrales,NA,NA,NA,H. sapiens,Koba Zarra 63_0 Surface disposal,"ARMENDARIZ, A., & ETXEBERRIA, F. (1983). Las cuevas sepulcrales de la Edad del Bronce en Guipúzcoa. Munibe, 35(3-4), 247-354.",0.3305502796243537,0.08263756990608842,0.038461538461538464,0.25,0,0.08333333333333333,0,0,0.020833333333333332,0,0,0.5,0,0,0.25,0,0,0.375,0,0,0.125,0,0,0.125,0,0,0.009259259259259259,0.25,0.21875,0.02403846153846154,0.11204660628067516,0,0.03734886876022505,0,0,0.009337217190056262,0,0,0.2240932125613503,0,0,0.11204660628067516,0,0,0.16806990942101274,0,0,0.05602330314033758,0,0,0.05602330314033758,0,0,0.0041498743066916725,0.11204660628067516,0.09804078049559077,0.010773712142372613,0.1501736111111111,0.1642628205128205,0.016648860398860398,0.10566536087369421,0.09091568732193732,0.5116002813072772,0.0470679012345679,0.03895833333333333,8.332600073326,0.2558001406536386,0.11719491927825261,0.5532882349095246,0.3911770973308499,0.02661809821161409,1.4787203676558043,0.5283566480707496,0.15138405733049032,1.04442142498245,0.050584639126305786,0.08583333333333333,0.06944444444444445,0,1.4787203676558043,2,9.996955453447724e-6,0.2124428480819265,0.1440972222222222,0.09403090049790626
Kobazar,64_0,Kobazar,NA,TRUE,Holocene,Bronze Age,NA,4000,3500,1,Cave,NA,NA,NA,West Europe,Spain,2,Adults,0,0,0,2,Mixed,Cuevas Sepulcrales,NA,NA,NA,H. sapiens,Kobazar 64_0 Surface disposal,"ARMENDARIZ, A., & ETXEBERRIA, F. (1983). Las cuevas sepulcrales de la Edad del Bronce en Guipúzcoa. Munibe, 35(3-4), 247-354.",0.1712962962962963,0.08564814814814815,0.02262443438914027,1,0,0,0,0,0,0,0.25,0,0,0,0,0,0,0,0,0.5,0,0,0,0.25,0,0,0,0,0.3125,0,0.43243243243243246,0,0,0,0,0,0,0.10810810810810811,0,0,0,0,0,0,0,0,0.21621621621621623,0,0,0,0.10810810810810811,0,0,0,0,0.13513513513513514,0,0.10243055555555555,0.10416666666666667,0,0.06828703703703703,0.051215277777777776,0.9310344827586206,0.032407407407407406,0.010416666666666666,1,0.70935960591133,0.07175925925925927,0.13842498919510612,-1.1871323311220912,1.5999855364220187e-6,0.30509492199978633,0.822167487684729,0.4522803299276916,2.2478568951474074,-0.047453703703703706,0.25,0.05555555555555555,0.48768472906403937,0.30509492199978633,2,1.6666538336852621e-6,1.1399691486526589,0.1840277777777778,0.23452080386061
Krapina,65_0,Krapina,Primarily levels 3 and 4,TRUE,Late Middle Pleistocene,Middle Paleolithic,Mousterian,130000,130000,5e,Rockshelter,NA,NA,NA,Central Europe,Croatia,82,Mixed,0,0,0,0,Mixed,Cannibalism,NA,Formal excavation,Partial,H. neanderthalensis,"Krapina 65_0 MNI by Wolpoff dentition
Occipitales 16  from  Caspari and Radovčić (2006) 
meta carpal 2/3 left ? = metacarpal 2 left ,
? =!, 3-30yrs","Trinkaus, E. (2016). The Krapina human postcranial remains: Morphology, morphometrics and paleopathology. FF Press.
Wolpoff, M. H. (1979). The Krapina dental remains. American Journal of Physical Anthropology, 50(1), 67-113.
Caspari, R., & Radovčić, J. (2006). New reconstruction of Krapina 5, a male Neandertal cranial vault from Krapina, Croatia. American Journal of Physical Anthropology: The Official Publication of the American Association of Physical Anthropologists, 130(3), 294-307.",4.913593436741585,0.059921871179775425,0.02626641651031895,0.1951219512195122,0,0.039126016260162606,0,0,0.033028455284552845,0,0,0.0975609756097561,0.0975609756097561,0,0.13414634146341464,0.10975609756097561,0,0,0.13414634146341464,0.12195121951219512,0,0.10975609756097561,0.036585365853658534,0,0.12195121951219512,0.10975609756097561,0.015130984643179765,0.12195121951219512,0.12347560975609756,0.016885553470919325,0.12060269133409747,0,0.024183352168556004,0,0,0.020414518064365457,0,0,0.060301345667048735,0.060301345667048735,0,0.082914350292192,0.06783901387542983,0,0,0.082914350292192,0.07537668208381092,0,0.06783901387542983,0.022613004625143276,0,0.07537668208381092,0.06783901387542983,0.009352292036324688,0.07537668208381092,0.07631889060985855,0.010436771365450742,0.07931063685636856,0.08743746091307067,0.016008269057049544,0.05820984758992889,0.05052984504204017,0.5315623043568994,0.02898223426678711,0.022891260162601627,2.467856130100512,0.3255501194147518,0.05845522664628356,0.5744560920425399,0.30877910184791474,0.027976952170472465,1.3617615266718994,0.5193991003315788,0.2817621803555269,1.0718446765171732,0.021058445092997938,0.06252540650406505,0.03523035230352303,0.11953793447260419,1.3617615266718994,0,9.997090100646602e-6,0.18240994775342256,0.0793529810298103,0.05444453104955557
La Chapelle-aux-Saints,66_0,La Chapelle-aux-Saints,Mousterian layer,TRUE,Late Pleistocene,Middle Paleolithic,Mousterian,60000,50000,3,Cave,NA,NA,NA,West Europe,France,1,Adult,0,0,0,1,Male,Funerary Context,Inhumation single,Formal excavation,NA,H. neanderthalensis,La Chapelle-aux-Saints 66_0 NA,"1) NSB: Data, 2) Gómez-Olivencia, A. (2013). Back to the old man's back: Reassessment of the anatomical determination of the vertebrae of the Neandertal individual of La Chapelle-aux-Saints. Annales de Paléontologie, 99(1), 43–65. 3) Gómez-Olivencia, A. (2015). The costal skeleton of the Neandertal individual of La Chapelle-aux-Saints 1. Annales de Paléontologie, 101(2), 127–141. 4) Rendu, W., Beauval, C., Crevecoeur, I., Bayle, P., Balzeau, A., Bismuth, T., ... & Maureille, B. (2014). Evidence supporting an intentional Neandertal burial at La Chapelle-aux-Saints. Proceedings of the National Academy of Sciences, 111(1), 81–86.",0.4292761422391052,0.4292761422391052,0.3031674208144796,1,0,0.7916666666666666,0,0,0.5833333333333334,0,0,0,1,0,0,0,0,0,1,1,0,1,1,0,1,1,0.14814814814814814,1,0.875,0.19230769230769232,0.0862778836108892,0,0.06830332452528728,0,0,0.05032876543968537,0,0,0,0.0862778836108892,0,0,0,0,0,0.0862778836108892,0.0862778836108892,0,0.0862778836108892,0.0862778836108892,0,0.0862778836108892,0.0862778836108892,0.012781908683094695,0.0862778836108892,0.07549314815952805,0.016591900694401772,0.5729166666666666,0.6891025641025641,0.17022792022792022,0.4386870845204178,0.4629736467236467,0.42518912436479045,0.1882716049382716,0.28875,2.8273744260437166,0.21259456218239522,0.5008309591642925,0.6603245563472079,0.21086400532804425,0.23579899553171715,1.2347444249798307,0.4443723009272999,0.0750508470080875,0.8489548973079278,0.1029795821462488,0.5179166666666667,0.3333333333333333,0,1.2347444249798307,6,9.999650740195147e-6,0.5851905548193875,0.6041666666666666,0.38405320671820387
LF 1 LF 2 LF 3 LF 4 LF4bis LF 5 LF 6 LF 7 LF 8,67_1 67_2 67_3 67_4 67_5 67_6 67_7 67_8 67_9,La Ferrassie,Lower Mousterian layers,TRUE,Late Pleistocene,Middle Paleolithic,Mousterian,70000,40000,4,Rockshelter,NA,NA,NA,West Europe,France,9,Indet,5,1,0,3,Indet,Funerary Context,Inhumation single; Collective burial,Formal excavation,Partial,H. neanderthalensis,LF 1 67_1 NA; LF 2 67_2 NA; LF 3 67_3 10yrs; LF 4 67_4 Fetus at term; LF4bis 67_5 New Born; LF 5 67_6 New born  7 month; LF 6 67_7 3yrs; LF 7 67_8 NA; LF 8 67_9 2yrs,"Balzeau, A., Turq, A., Talamo, S., Daujeard, C., Guérin, G., Welker, F., ... & Gómez-Olivencia, A. (2020). Pluridisciplinary evidence for burial for the La Ferrassie 8 Neandertal child. Scientific Reports, 10(1), 21230 Gómez-Olivencia, A., Crevecoeur, I., & Balzeau, A. (2015). La Ferrassie 8 Neandertal child reloaded: New remains and re-assessment of the original collection. Journal of Human Evolution, 82, 107–126.           Heim 1976 Les hommes fossiles de la Ferrrassie Tome I",2.104991030916957,0.2338878923241063,0.18250377073906485,0.6666666666666666,0,0.2962962962962963,0,0,0.28703703703703703,0,0,0.2222222222222222,0.1111111111111111,0,0.3333333333333333,0.2222222222222222,0,0,0.5555555555555556,0.5555555555555556,0,0.5555555555555556,0.3333333333333333,0,0.5555555555555556,0.4444444444444444,0.19958847736625515,0.4444444444444444,0.3888888888888889,0.14316239316239318,0.10556920146373251,0,0.046919645094992225,0,0,0.045453406185773725,0,0,0.03518973382124417,0.017594866910622085,0,0.052784600731866256,0.03518973382124417,0,0,0.08797433455311043,0.08797433455311043,0,0.08797433455311043,0.052784600731866256,0,0.08797433455311043,0.07037946764248834,0.03160559426537671,0.07037946764248834,0.0615820341871773,0.02267030928868615,0.2685185185185185,0.3254985754985755,0.17137543526432417,0.2361374907671204,0.23136237733459955,0.44134344441524503,0.1467764060356653,0.12703703703703703,2.1505292837928325,0.264806066649147,0.17872216946291022,0.7138725327445437,0.09341396097314739,0.17039581780850419,1.097916135641527,0.41073294446491193,0.29429460501110893,0.7941601565286183,0.023121768492138844,0.2751851851851852,0.16666666666666666,0.088268688883049,1.097916135641527,4,9.99951552840384e-6,0.5801858036385643,0.2777777777777778,0.16795797261305662
La Naulette,68_0,Trou de la Naulette,Level 3,TRUE,Late Pleistocene,NA,NA,40000,36000,3,Cave,Cave interior,NA,NA,West Europe,Belgium,1,Adult,0,0,0,1,Female,Unknown,NA,Formal excavation,NA,H. neanderthalensis,La Naulette 68_0 NA,"Schwartz, J. H. (2002). The Human Fossil Record, Volume 1, Terminology and Craniodental Morphology. John Wiley & Sons.",0.019204389574759947,0.019204389574759947,0.00904977375565611,0,0,0,0,0,0,0,0,0,0,0,0,0,0,0,0,0,0,0,0,0.5,0,0,0.018518518518518517,0,0,0,0,0,0,0,0,0,0,0,0,0,0,0,0,0,0,0,0,0,0,0,0.9642857142857143,0,0,0.03571428571428571,0,0,0,0.013888888888888888,0,0.009259259259259259,0.012345679012345678,0.009259259259259259,1,0.024691358024691357,0,1,0.75,-0.024691358024691357,0.08386281673370258,-9.421142400011512,1.3333173342452774e-6,8.099343953139796e-5,0.8500000000000001,0.1725730544101548,2.41522945769824,-0.012345679012345678,0,0.05555555555555555,0.5,8.099343953139796e-5,0,1.2499887506074645e-6,0.03975558643400402,0.027777777777777776,0.016273818138224913
H1 H2 H3 H4 H5 H6 H7 H8 H9 H10 H11 H12 H13 H14 H15 H16 H17 H18 H19 H20 H23 H27,69_1 69_2 69_3 69_4 69_5 69_6 69_7 69_8 69_9 69_10 69_11 69_12 69_13 69_14 69_15 69_16 69_17 69_18 69_19 69_20 69_21 69_22,La Quina,Mousterian levels,TRUE,Late Pleistocene,Middle Paleolithic,Mousterian,70000,60000,4,Rockshelter,NA,NA,NA,West Europe,France,22,Indet,0,1,0,1,Indet,Funerary Context,No inhumation,Formal excavation,Partial,H. neanderthalensis,"H1 69_1 collapsed rockshelter; H2 69_2 collapsed rockshelter; H3 69_3 collapsed rockshelter; H4 69_4 only tooth, collapsed rockshelter; H5 69_5 collapsed rockshelter; H6 69_6 collapsed rockshelter; H7 69_7 collapsed rockshelter; H8 69_8 collapsed rockshelter; H9 69_9 collapsed rockshelter; H10 69_10 collapsed rockshelter; H11 69_11 collapsed rockshelter; H12 69_12 collapsed rockshelter; H13 69_13 collapsed rockshelter; H14 69_14 collapsed rockshelter; H15 69_15 collapsed rockshelter; H16 69_16 collapsed rockshelter; H17 69_17 only tooth, collapsed rockshelter; H18 69_18 7-8yrs, collapsed rockshelter; H19 69_19 collapsed rockshelter; H20 69_20 only tooth, collapsed rockshelter; H23 69_21 collapsed rockshelter; H27 69_22 collapsed rockshelter","1) Schwartz, J. H. (2002). The Human Fossil Record, Volume 1, Terminology and Craniodental Morphology. John Wiley & Sons. 2) Verna, C., & d’Errico, F. (2011). The earliest evidence for the use of human bone as a tool. Journal of human evolution, 60(2), 145-157. 3) Stefan, V. H., & Trinkaus, E. (1998). La Quina 9 and Neandertal mandibular variability. Bulletins et Mémoires de la Société d'Anthropologie de Paris, 10(3), 293-324. 4) Martin, H. (1912). Position stratigraphique des Ossements humains recueillis dans le Moustérien de La Quina de 1908 à 1912. Bulletin de la Société préhistorique de France, 9(11), 700-709.",0.7668566001899335,0.03485711819045152,0.00658165364047717,0.7272727272727273,0,0.013257575757575758,0,0,0,0,0,0,0,0,0,0,0,0,0.045454545454545456,0.045454545454545456,0,0,0.045454545454545456,0,0,0.045454545454545456,0,0,0.017045454545454544,0.0017482517482517483,0.7727554179566564,0,0.014086687306501549,0,0,0,0,0,0,0,0,0,0,0,0,0.04829721362229102,0.04829721362229102,0,0,0.04829721362229102,0,0,0.04829721362229102,0,0,0.018111455108359133,0.0018575851393188856,0.006786616161616161,0.006264568764568764,8.741258741258741e-4,0.004815786065786066,0.005269036519036519,0.9673693511739461,0.003367003367003367,0.0033143939393939395,13258.575757575758,0.9452158545821763,0.0028975653975653972,0.03565998911123253,-8.479862193309744,1.9995977062811525e-6,2.0760731042282797e-4,0.8789825801565262,0.40325240992690725,2.9709672690072906,-0.004815786065786066,0.18513257575757577,0.0101010101010101,0.9230623579904065,2.0760731042282797e-4,1,1.9996776022550915e-6,0.7764968528289188,0.013573232323232322,0.1765873170825706
La Tolita adult La Tolita subadult,70_1 70_2,La Tolita Cama de Huesos,Tardío,TRUE,Holocene,NA,NA,1860,1550,1,NA,NA,Open air,NA,South America,Ecuador,16,Mixed,1,3,1,11,Indet,Funerary Context,Collective burial,Formal excavation,NA,H. sapiens,"La Tolita adult 70_1 9 male 2 female; La Tolita subadult 70_2 14-17:1, 9:1, 7:1,6:1, 1,5ys:1","Ubelaker, D. H. (1997). Skeletal Biology of Human Remains from La Tolita, Esmeraldas Province, Ecuador (Vol. 10). Smithsonian Institution Press.",3.3683787063416695,0.21052366914635434,0.09219457013574661,0.75,0,0.14583333333333334,0,0.25,0.13020833333333334,0,0,0.1875,0.3125,0,0.25,0.3125,0,0.25,0.5625,0,0,0.0625,0.4375,0,0.375,0.5,0.03009259259259259,0.5625,0.5078125,0.057692307692307696,0.13194610321211386,0,0.025656186735688806,0,0.04398203440403795,0.022907309585436436,0,0,0.032986525803028466,0.05497754300504744,0,0.04398203440403795,0.05497754300504744,0,0.04398203440403795,0.09895957740908538,0,0,0.010995508601009488,0.07696856020706641,0,0.06597305160605693,0.0879640688080759,0.00529413377085642,0.09895957740908538,0.08933850738320209,0.010149700247085681,0.3235677083333333,0.3760016025641026,0.04389245014245014,0.23034262226970562,0.19942363336894586,0.559608645957376,0.08468364197530864,0.07546875,2.1604766349140507,0.3197763691185006,0.29131796058879394,0.5273494706035796,0.3458573318229232,0.08451304609620972,1.4132009826266647,0.554676748378437,0.2474054008474672,1.1395820105856693,0.0951782110636277,0.24083333333333334,0.13541666666666666,0.07994409227962515,1.4132009826266647,3,9.99904015940762e-6,0.7111350950438914,0.3216145833333333,0.23186811420646894
Lagar Velho,71_1,Abrigo do Lagar Velho,NA,TRUE,Late Pleistocene,Upper Paleolithic,Gravettian,29000,24000,2,Rockshelter,NA,NA,NA,West Europe,Portugal,1,Juvenile,0,1,0,0,Indett,Funerary Context,Inhumation single,NA,NA,H. sapiens,"Lagar Velho 71_1 4yrs, C3_indet ->15 fragents; 1 vertebar indet? !","Zilhão, J., & Trinkaus, E. (Eds.). (2002). Portrait of the Artist as a Child: The Gravettian Human Skeleton from the Abrigo do Lagar Velho and its Archeological Context. Instituto Português de Arqueologia.",0.46397857971932044,0.46397857971932044,0.5429864253393665,1,0,0.75,0,0,0.7083333333333334,0,0,0,1,0,0,1,0,0,0,1,0,1,1,0,1,1,0.7037037037037037,1,0.75,0.6153846153846154,0.07982488557864513,0,0.05986866418398385,0,0,0.05654262728487364,0,0,0,0.07982488557864513,0,0,0.07982488557864513,0,0,0,0.07982488557864513,0,0.07982488557864513,0.07982488557864513,0,0.07982488557864513,0.07982488557864513,0.05617306762941695,0.07982488557864513,0.05986866418398385,0.04912300650993547,0.5486111111111112,0.7884615384615384,0.6595441595441596,0.5855887939221273,0.5754415954415955,0.35691769538955886,0.3827160493827161,0.31416666666666665,2.2058788062388053,0.17845884769477943,0.40574548907882235,0.7783661897926435,-0.0038590415498623598,0.4155017697344791,0.9961483949819422,0.33037664477029144,0.17764115089284238,0.6180500104749402,-0.0022554605887938894,0.5225,0.2777777777777778,0,0.9961483949819422,8,9.999797465822663e-6,0.7808081997744855,0.5138888888888888,0.314062597837173
Larrabiel,72_0,Larrabiel,NA,TRUE,Holocene,Bronze Age,NA,4000,3500,1,Cave,NA,NA,NA,West Europe,Spain,2,Indet,0,0,0,0,Indet,Cuevas Sepulcrales,NA,NA,NA,H. sapiens,Larrabiel 72_0 Possible burial,"ARMENDARIZ, A., & ETXEBERRIA, F. (1983). Las cuevas sepulcrales de la Edad del Bronce en Guipúzcoa. Munibe, 35(3-4), 247-354.",0.12482853223593965,0.062414266117969824,0.02262443438914027,0.5,0,0,0,0,0.041666666666666664,0,0,0,0,0,0,0,0,0.5,0,0,0,0,0,0,0,0,0.018518518518518517,0.5,0.125,0,0.2967032967032967,0,0,0,0,0.024725274725274724,0,0,0,0,0,0,0,0,0.2967032967032967,0,0,0,0,0,0,0,0,0.010989010989010988,0.2967032967032967,0.07417582417582418,0,0.1701388888888889,0.20833333333333334,0.009259259259259259,0.11651234567901235,0.08988425925925926,0.8202946984657452,0.024691358024691357,0.005,4.999750012499374e-5,0.4101473492328726,0.18364197530864199,0.27146281723616855,0.7634590962247798,2.6665493436577285e-6,2.1456855310698786,0.7212972808749811,0.20753502375455035,1.6651066323636758,0.13348765432098764,0.13,0.05555555555555555,0,2.1456855310698786,2,2.4999162564376074e-6,0.4946578302375472,0.09027777777777778,0.18070167763365852
Le Moustier I,73_0,Le Moustier I,Upper Shelter (Couche K),TRUE,Late Pleistocene,Middle Paleolithic,Mousterian,50000,38000,2,Cave,NA,NA,NA,West Europe,France,1,Subadult,0,0,1,0,Indet,Funerary Context,Inhumation single,Formal excavation,NA,H. neanderthalensis,"Le Moustier I 73_0 15yrs, Bones lost, casted some might be more","1) Maureille, B. (2002). La redécouverte du nouveau-né néandertalien Le Moustier 2. PALEO, (14), 221-238. 2) Weaver, T. D., Coqueugniot, H., Golovanova, L. V., Doronichev, V. B., Maureille, B., & Hublin, J. J. (2014). Neonatal postcrania from Mezmaiskaya Cave, Russia, and Le Moustier 2, France, and the development of Neandertal body form. Journal of Human Evolution, 74, 25-37. 3) Herbert Ullrich: The Neandertal Adolescent Le Moustier 1 New  Aspects, New Results 2005",0.3942307692307692,0.3942307692307692,0.09954751131221719,1,0,0,0,0,0.125,0,0,0,1,0.5,0,0,0,0,1,1,0,1,1,0,1,1,0,1,1,0.019230769230769232,0.09394760614272808,0,0,0,0,0.01174345076784101,0,0,0,0.09394760614272808,0.04697380307136404,0,0,0,0,0.09394760614272808,0.09394760614272808,0,0.09394760614272808,0.09394760614272808,0,0.09394760614272808,0.09394760614272808,0,0.09394760614272808,0.09394760614272808,0.0018066847335140017,0.625,0.6730769230769231,0.009615384615384616,0.4198717948717949,0.32240384615384615,0.5587792821835375,0.16666666666666666,0.056666666666666664,1.666638889351844e-5,0.2793896410917687,0.5064102564102565,0.4016536740139041,0.3288086964833357,3.9998406790699735e-6,1.3893120498827516,0.6160255032595457,0.22712683096501385,1.2707262210222339,0.1634615384615385,0.265,0.3333333333333333,0,1.3893120498827516,4,3.333243709479757e-6,1.159479181175313,0.6666666666666666,0.39984880930943584
Le Moustier II,74_0,Le Moustier II,Lower Shelter (Couche J),TRUE,Late Pleistocene,Middle Paleolithic,Mousterian,50000,38000,2,Cave,NA,NA,NA,West Europe,France,1,Infant,1,0,0,0,Indet,Funerary Context,Inhumation single,Formal excavation,NA,H. neanderthalensis,Le Moustier II 74_0 NA,"1) Maureille, B. (2002). La redécouverte du nouveau-né néandertalien Le Moustier 2. PALEO, (14), 221-238. 2) Weaver, T. D., Coqueugniot, H., Golovanova, L. V., Doronichev, V. B., Maureille, B., & Hublin, J. J. (2014). Neonatal postcrania from Mezmaiskaya Cave, Russia, and Le Moustier 2, France, and the development of Neandertal body form. Journal of Human Evolution, 74, 25-37. 3) Herbert Ullrich: The Neandertal Adolescent Le Moustier 1 New  Aspects, New Results 2005",0.4361480426295241,0.4361480426295241,0.33031674208144796,1,1,0.875,0,0,0.8333333333333334,0,0,1,1,0,0,0,0,0,1,1,0,1,1,0,0,0,0.24074074074074073,1,0.75,0.07692307692307693,0.08491849880545559,0.08491849880545559,0.07430368645477364,0,0,0.070765415671213,0,0,0.08491849880545559,0.08491849880545559,0,0,0,0,0,0.08491849880545559,0.08491849880545559,0,0.08491849880545559,0.08491849880545559,0,0,0,0.020443342305017084,0.08491849880545559,0.06368887410409169,0.006532192215804276,0.5347222222222222,0.608974358974359,0.15883190883190884,0.40942545109211775,0.46644408831908835,0.34894558288078936,0.20987654320987653,0.6104166666666667,2.187497031257422,0.17447279144039468,0.3990978157644825,0.7717338184217665,0.3540032119844253,0.23788437204752952,1.4247597627787068,0.35387779448496975,0.0029868273338267137,0.6742492729452252,0.17390788224121562,0.81875,0.2222222222222222,0,1.4247597627787068,6,0.2806640820236706,-0.11297565776208553,0.4861111111111111,0.38587196393158957
Le Placard,75_0,Le Placard,Grotte du Placard,TRUE,Late Pleistocene,Upper Paleolithic,Magdalenian,20000,18000,2,Cave,NA,NA,NA,West Europe,France,16,Adult,0,0,0,16,Indet,Cannibalism,NA,NA,NA,H. sapiens,Le Placard 75_0 NA,"Le Mort, F., & Gambier, D. (1991). Cutmarks and breakage on the human bones from Le Placard (France). An example of special mortuary practice during the Upper Palaeolithic. Anthropologie (1962-), 189-194.",0.34161654532024904,0.021351034082515565,0.003959276018099547,0.5,0,0.0026041666666666665,0,0,0,0,0,0,0,0,0,0,0,0,0.0625,0,0,0,0,0,0,0,0.0011574074074074073,0,0.0078125,0.002403846153846154,0.8673359073359074,0,0.004517374517374518,0,0,0,0,0,0,0,0,0,0,0,0,0.10841698841698842,0,0,0,0,0,0,0,0.0020077220077220075,0,0.013552123552123553,0.0041698841698841705,0.0028211805555555555,0.003405448717948718,0.0017806267806267807,0.002474329297245964,0.002181267806267806,0.981374741913283,0.0015432098765432098,6.510416666666666e-4,2605.166666666667,0.9662766689607709,0.0018622388414055082,0.023960404271028263,-7.814128715544814,2.664820093384098e-6,4.039866538616069e-4,0.8853234686854784,0.40531636607491905,3.0441482891577714,-0.002474329297245964,0.12565104166666666,0.003472222222222222,0.9511785960082588,4.039866538616069e-4,1,2.498700154653899e-6,0.5364366330691517,0.005642361111111111,0.1214723150552083
Les Pradelles,76_0,Les Pradelles (Marillac-le-Franc),Layers 9 and 10,TRUE,Late Pleistocene,Middle Paleolithic,Mousterian,71000,29000,3,Cave,Cave Interior,NA,NA,West Europe,France,1,Indet,0,0,0,0,Indet,Carnivore,NA,Formal,NA,H. neanderthalensis,Les Pradelles 76_0 NA,"Costamagno, S., Liliane, M., Cédric, B., Bernard, V., & Bruno, M. (2006). Les Pradelles (Marillac-le-Franc, France): A mousterian reindeer hunting camp?. Journal of Anthropological Archaeology, 25(4), 466-484.",0.037037037037037035,0.037037037037037035,0.004524886877828055,1,0,0,0,0,0,0,0,0,0,0,0,0,0,0,0,0,0,0,0,0,0,0,0,0,0,0,1,0,0,0,0,0,0,0,0,0,0,0,0,0,0,0,0,0,0,0,0,0,0,0,0,0,0,0,0,0,0,0,1,0,0,1,1,0,0,0,0,1,0.9,0.3979077550336272,3.162277660168379,0,0.25,0,1,1,1,1.1111109876544583e-6,1.067033966571821,0,0.24537568032842474
RdV 1,77_0,Les Rochers-de-Villeneuve,Level J,TRUE,Late Pleistocene,Middle Paleolithic,Mousterian,44969,43335,3,Cave,NA,NA,NA,West Europe,France,1,Adult,0,0,0,1,NA,Carnivore Scavenge (in situ),NA,Formal excavation,NA,H. neanderthalensis,"RdV 1 77_0 Dating is based on a hyena radius from the same stratigraphic level (Level J): 40,700 ± 900 14C BP, calibrated to 44,152 ± 817 cal BP. The human femur is extensively carnivore-gnawed (likely hyena), with pits and cortical surface removal; no anthropic marks and no pathological lesions reported.","Beauval, C., Maureille, B., Lacrampe-Cuyaubere, F., Serre, D., Peressinotto, D., Bordes, J. G., ... & Trinkaus, E. (2005). A late Neandertal femur from les Rochers-de-Villeneuve, France. Proceedings of the National Academy of Sciences, 102(20), 7085-7090.",0.004629629629629629,0.004629629629629629,0.004524886877828055,0,0,0,0,0,0,0,0,0,0,0,0,0,0,0,0,0,0,0,0,0,0,0,0,0,0.125,0,0,0,0,0,0,0,0,0,0,0,0,0,0,0,0,0,0,0,0,0,0,0,0,0,0,1,0,0.03125,0.041666666666666664,0,0.020833333333333332,0.015625,1,0,0,1,1,0.041666666666666664,0,-9.94435754590442,1.1428558367466354e-6,4.799769611058669e-5,0.9,0.015175963572300222,3.162277660168379,-0.020833333333333332,0,0,1,4.799769611058669e-5,0,1.1111101234655691e-6,0.026048048594515368,0.0625,0.03922738274366875
Les Hoteaux,78_0,Grotte des Hoteaux,NA,TRUE,Late Pleistocene,Upper Paleolithic,Magdalenian,15000,14000,2,Rockshelter,NA,NA,NA,West Europe,France,1,Subadult,0,0,1,0,Indet,Funerary Context,Inhumation single,NA,NA,H. sapiens,"Les Hoteaux 78_0 10-17yrs, How the mne values where set based on literature: Thoracic:5 +6 fraq, frq set to two. Lumbar: 4 fraq:frq set to two lumars. Ribs 68 fragments set to 68 rib framents. 
Hamate:Hamatum D/G Incomplet counted as 1 indet. Hamate: Hamatum D/G Incomplet, counted as 1 indet.","1) Henry-Gambier, D., Béreiziat, G., Mevel, L., Malgarini, R., & Barshay-Szmidt, C. (2020). La sépulture préhistorique des Hoteaux (Rossillon, Ain): nouvelles données anthropologiques, chronologiques et discussion sur le contexte archéologique. Gallia Préhistoire, 60, 123-148. 2) Tournier, J., & Guillon, C. (1895). La Grotte des Hoteaux. L'Homme, 2, 53-60..",0.5291495198902606,0.5291495198902606,0.26244343891402716,1,0,0.6666666666666666,0,0,0.9583333333333334,0,0,1,1,0,1,1,0,0,1,1,0,1,1,0,1,1,0.037037037037037035,1,0.625,0,0.06999351911860013,0,0.046662346079066754,0,0,0.06707712248865846,0,0,0.06999351911860013,0.06999351911860013,0,0.06999351911860013,0.06999351911860013,0,0,0.06999351911860013,0.06999351911860013,0,0.06999351911860013,0.06999351911860013,0,0.06999351911860013,0.06999351911860013,0.002592352559948153,0.06999351911860013,0.043745949449125084,0,0.5729166666666666,0.5416666666666666,0.018518518518518517,0.3881172839506173,0.4319212962962963,0.4488964628621306,0.2345679012345679,0.365,1.4492743856353936,0.2244482314310653,0.30709876543209874,0.6263423652260137,0.5409815221657552,7.999685827094344e-6,1.7176919878154748,0.4522590298848663,0.018869236569060144,0.8481750857243361,0.27854938271604934,0.5316666666666666,0.3333333333333333,0,1.7176919878154748,7,4.9998993191410496e-6,0.2776729223975983,0.47916666666666663,0.3743111553621522
Malamuerzo,79_0,Cueva de Malalmuerzo,NA,TRUE,Holocene,Neolithic,Cultura de las Cuevas,NA,NA,1,Cave,Cave interior,NA,Na,West Europe,Spain,30,Mixed,12,6,0,12,Mixed,Cannibalism,NA,Formal excavation,NA,H. sapiens,"Malamuerzo 79_0 Divided 110 long bones appox. proportiaonlly and added  for harms and legs 27, 14,14 to the resected bones","Solari Giachino, A., Botella López, M., & Alemán Aguilera, I. (2012). Canibalismo en la Cueva de Malamuerzo: identificación de huellas de manipulación intencional en restos óseos humanos de origen arqueológico (Granada, España). BAR Publishing.",10.241452991452991,0.34138176638176637,0.1081447963800905,5.5,0,0.09722222222222222,0,0.06666666666666667,0.11388888888888889,0,0.2833333333333333,0,0,0.4,0,0,0,0.8,0,0,0.48333333333333334,0,0,0.43333333333333335,0,0,0.03888888888888889,0.5,0.4583333333333333,0.0423076923076923,0.5967035259753808,0,0.010547789600574911,0,0.007232770011822797,0.012355982103530611,0,0.030739272550246888,0,0,0.04339662007093678,0,0,0,0.08679324014187356,0,0,0.05243758258571528,0,0,0.04701300507684818,0,0,0.004219115840229965,0.054245775088670976,0.04972529383128173,0.004590027122887544,0.3157407407407407,0.33354700854700853,0.04059829059829059,0.22402659069325737,0.1871727207977208,0.8574635771377246,0.11450617283950618,0.06677777777777778,1.7360979665045664,0.7860082790429143,0.21904083570750235,0.15659627447686633,0.31490080939537674,0.08359738521369328,1.3701234008480665,0.7892780001962476,0.41437561533930667,2.4233532881298885,0.0829178537511871,1.4133055555555556,0.19074074074074074,0.7145529809481039,1.3701234008480665,3,9.999041306006286e-6,5.83897262748427,0.324537037037037,1.2976628666880237
Malladetes,80_0,"Cova de les Malladetes (Barx, Valencia, Spain)","Sector E, level 12",TRUE,Late Pleistocene,Upper Paleolithic,Gravettian,25120,25120,2,Cave,Cave Interior,NA,NA,West Europe,Spain,1,Juvenil,0,1,0,0,Indet,Unknown,NA,Formal excavation,Partial,H. sapiens,"Malladetes 80_0 5–7 yrs, 10 post-cranial dhole (Cuon) bones","Arsuaga, J. L., Villaverde, V., Quam, R., Gracia, A., Lorenzo, C., Martı́nez, I., & Carretero, J. M. (2002). The Gravettian occipital bone from the site of Malladetes (Barx, Valencia, Spain). Journal of human evolution, 43(3), 381-393.",0.037037037037037035,0.037037037037037035,0.004524886877828055,1,0,0,0,0,0,0,0,0,0,0,0,0,0,0,0,0,0,0,0,0,0,0,0,0,0,0,1,0,0,0,0,0,0,0,0,0,0,0,0,0,0,0,0,0,0,0,0,0,0,0,0,0,0,0,0,0,0,0,1,0,0,1,1,0,0,0,0,1,0.9,0.3979077550336272,3.162277660168379,0,0.25,0,1,1,1,1.1111109876544583e-6,1.067033966571821,0,0.24537568032842474
Mancos 5MT-10010 Feature 3,81_0,Mancos 5MT-10010 Feature 3,NA,TRUE,Holocene,NA,Ancestral Pueblo,825,775,1,NA,NA,NA,NA,North America,USA,5,Indet,0,0,0,0,Indet,Cannibalism,No inhumation,Formal excavation,NA,H. sapiens,Mancos 5MT-10010 Feature 3 81_0 NA,Malville (1989: Table 1),1.1761237733459955,0.23522475466919912,0.25610859728506785,0.8,0,0.36666666666666664,0,0,0.5083333333333333,0,0.4,0,0,0.9,0,0,0,0.6,0,0,0.6,0,0,0.6,0,0,0.32222222222222224,0.8,0.3,0.15384615384615385,0.12596305891060794,0,0.05773306866736197,0,0,0.08003902701611545,0,0.06298152945530397,0,0,0.14170844127443394,0,0,0,0.09447229418295595,0,0,0.09447229418295595,0,0,0.09447229418295595,0,0,0.05073512095010598,0.12596305891060794,0.04723614709147798,0.024223665175116912,0.37916666666666665,0.41794871794871796,0.23803418803418805,0.3321225071225071,0.32542521367521365,0.470117881054149,0.2462962962962963,0.2068333333333333,1.5027301800675679,0.2350589405270745,0.17165242165242167,0.7338865775911825,0.4256324584412944,0.26120176403224254,1.5305581280214204,0.3798868904414387,0.1284068706206284,0.7712561294537491,0.17621082621082618,0.3526666666666667,0.2,0,1.5305581280214204,5,9.999681233531986e-6,0.5031448304493045,0.25,0.24505791846017527
Mancos Yellow Jacket 5MT-3,82_0,Yellow Jacket 5MT-3,NA,TRUE,Holocene,NA,Ancestral Pueblo,925,900,1,NA,NA,NA,NA,North America,USA,8,Indet,0,0,0,0,Indet,Cannibalism,No inhumation,Formal excavation,NA,H. sapiens,Mancos Yellow Jacket 5MT-3 82_0 NA,Billman et al. (2000: Table 6); Lambert et al. (2010: Table 2),1.4486519995779255,0.18108149994724068,0.16063348416289594,1,0,0.11979166666666667,0,0.125,0.17708333333333334,0,0.75,0,0,0.1875,0,0,0,0.375,0,0,0.375,0,0,0.3125,0,0,0.16203703703703703,0.75,0.34375,0.21153846153846154,0.20453241798763552,0,0.024501279238102174,0,0.02556655224845444,0.036219282351977126,0,0.15339931349072666,0,0,0.038349828372681666,0,0,0,0.07669965674536333,0,0,0.07669965674536333,0,0,0.06391638062113611,0,0,0.03314182698873724,0.15339931349072666,0.07030801868324972,0.04326647303584598,0.3420138888888889,0.43509615384615385,0.18678774928774927,0.29027184235517567,0.2436153400997151,0.5934370499633178,0.14544753086419754,0.09088541666666666,1.369043401408746,0.3391068856933245,0.2896486229819563,0.5835464342617719,0.4453489161235433,0.16068216775003477,1.5610347710226313,0.5102541188262892,0.30347124157231486,1.0973259504712423,0.16285315764482433,0.30182291666666666,0.11805555555555555,0.08477672142333115,1.5610347710226313,3,9.999492148526505e-6,0.9535530397401567,0.2309027777777778,0.27006516400019337
Manot young,83_0,Manot Cave,Area E,TRUE,Late Pleistocene,Upper Paleolithic,Early Ahmarian and Levantine Aurignacian,46000,33000,3,Cave,NA,NA,NA,West Asia,Levant / Occupied Palestine,1,Subadult,0,0,1,0,Indet,Disarticulated within occupation layers,No inhumation,Formal excavation,NA,H. sapiens,Manot young 83_0 NA,"1) Borgel, S., Latimer, B., McDermott, Y., Sarig, R., Pokhojaev, A., Abulafia, T., ... & May, H. (2021). Early Upper Paleolithic human foot bones from Manot Cave, Israel. Journal of Human Evolution, 160, 102668.  2)  Barzilai, O., Marder, O., & Hershkovitz, I. (2021). In search of modern humans and the Early Upper Paleolithic at Manot Cave: An overview. Journal of Human Evolution, 160, 102965.",0.004273504273504274,0.004273504273504274,0.027149321266968326,0,0,0,0,0,0,0,0,0,0,0,0,0,0,0,0,0,0,0,0,0,0,0,0,0,0,0.11538461538461539,0,0,0,0,0,0,0,0,0,0,0,0,0,0,0,0,0,0,0,0,0,0,0,0,0,0,1,0,0.038461538461538464,0.057692307692307696,0.019230769230769232,0.014423076923076924,1,0,0,1,1,0.038461538461538464,0,-9.864318838030893,1.1428557279051713e-6,5.199729614060068e-5,0.9,0.03100554626107177,3.1622776601683795,-0.019230769230769232,0,0,1,5.199729614060068e-5,0,1.1111100411625665e-6,0.034368030338666304,0,0.03591770278457488
Marizulo Male Marizulo 2-5,84_1 84_2,Marizulo I,NA,TRUE,Holocene,Bronze Age,NA,4000,3500,1,Cave,NA,NA,NA,West Europe,Spain,5,Mixed,1,1,0,2,Indet,Cuevas Sepulcrales,NA,NA,NA,H. sapiens,"Marizulo Male 84_1 Burial, 25yrs; Marizulo 2-5 84_2 Burial","ARMENDARIZ, A., & ETXEBERRIA, F. (1983). Las cuevas sepulcrales de la Edad del Bronce en Guipúzcoa. Munibe, 35(3-4), 247-354.",1.0566239316239316,0.21132478632478632,0.1411764705882353,0.4,0,0.16666666666666669,0,0.2,0.2,0,0,0.6,0.2,0.1,0.2,0.2,0,0.4,0.2,0.2,0.2,0.2,0.2,0,0.4,0.6,0.13333333333333333,0.4,0.375,0.13076923076923078,0.07010448264239973,0,0.02921020110099989,0,0.03505224132119986,0.03505224132119986,0,0,0.1051567239635996,0.03505224132119986,0.01752612066059993,0.03505224132119986,0.03505224132119986,0,0.07010448264239973,0.03505224132119986,0.03505224132119986,0.03505224132119986,0.03505224132119986,0.03505224132119986,0,0.07010448264239973,0.1051567239635996,0.023368160880799908,0.07010448264239973,0.06572295247724975,0.022918773171553757,0.26458333333333334,0.30192307692307696,0.13205128205128205,0.2204059829059829,0.19863782051282053,0.4021914276506607,0.1388888888888889,0.09583333333333334,1.666660000066666,0.20109571382533034,0.16303418803418807,0.7536825592893471,0.15877885199210892,0.15721793275624163,1.1720787151445595,0.3585884627779568,0.23377821894487738,0.7090369520160242,0.03792735042735046,0.16666666666666669,0.16666666666666669,0,1.1720787151445595,3,9.999466180755254e-6,0.364766639453943,0.27083333333333337,0.12345346766301421
Maszycka Cave,85_0,Maszycka Cave,NA,TRUE,Late Pleistocene,Upper Paleolithic,Magdalenian,18620,15357,2,Cave,NA,NA,NA,Central Europe,Poland,10,Mixed,0,4,0,6,Mixed,Cannibalism,NA,Formal excavation,Partial,H. sapiens,Maszycka Cave 85_0 NA,"Marginedas, F., Saladié, P., Połtowicz-Bobak, M. et al. New insights of cultural cannibalism amongst Magdalenian groups at Maszycka Cave, Poland. Sci Rep 15, 2351 (2025). https://doi.org/10.1038/s41598-025-86093-w",0.7615147198480532,0.07615147198480532,0.011764705882352941,1,0,0,0,0,0.004166666666666667,0,0,0.1,0.3,0,0,0.1,0,0,0.1,0.3,0,0.1,0,0,0,0,0,0,0.05,0.0019230769230769232,0.48636009353078724,0,0,0,0,0.0020265003897116133,0,0,0.04863600935307873,0.14590802805923617,0,0,0.04863600935307873,0,0,0.04863600935307873,0.14590802805923617,0,0.04863600935307873,0,0,0,0,0,0,0.024318004676539363,9.353078721745909e-4,0.029861111111111113,0.01730769230769231,9.615384615384616e-4,0.020227920227920228,0.015420940170940173,0.9346896541229819,0.02314814814814815,0.010916666666666668,4.997501249375312e-4,0.8901806229742685,-0.005840455840455842,0.06808057396639125,0.02948899196097316,2.665689711297032e-6,1.029928097920793,0.8582893315276107,0.4081785419675775,2.781677878606127,6.054131054131079e-4,0.2505,0.02777777777777778,0.8456715918255551,1.029928097920793,1,2.4993123906793244e-6,1.0679251833114118,0.03888888888888889,0.24039423809719956
Mauer Heidelberg,86_0,Mauer,Lower Sands,TRUE,Late Pleistocene,Upper Paleolithic,NA,649000,579000,15,NA,NA,Open air,Fluvial deposits,West Europe,Germany,1,Adult,0,0,0,1,Male,Geological transport,NA,NA,NA,Middle Pleistocene hominin,Mauer Heidelberg 86_0 Querry / Limestone bedrock,"Schwartz, J. H. (2002). The Human Fossil Record, Volume 1, Terminology and Craniodental Morphology. John Wiley & Sons.",0.037037037037037035,0.037037037037037035,0.004524886877828055,1,0,0,0,0,0,0,0,0,0,0,0,0,0,0,0,0,0,0,0,0,0,0,0,0,0,0,1,0,0,0,0,0,0,0,0,0,0,0,0,0,0,0,0,0,0,0,0,0,0,0,0,0,0,0,0,0,0,0,1,0,0,1,1,0,0,0,0,1,0.9,0.3979077550336272,3.162277660168379,0,0.25,0,1,1,1,1.1111109876544583e-6,1.067033966571821,0,0.24537568032842474
Mladec D,87_1,Mladeč Caves,Chamber D,TRUE,Late Pleistocene,Upper Paleolithic,Aurignacian,35000,35000,3,Cave,NA,NA,NA,Central Europe,Czech Republic,24,Adult,0,0,0,24,Indet,Funerary Context,Funerary caching,"Quarry; Formal excavation (The site was discovered during quarrying operations in the 19th century, followed by various phases of archaeological excavation)",NA,H. sapiens,"Mladec D 87_1 Rib 2 or 3 = 2, Rib 11 or 12 =11","Trinkaus, E., Smith, F. H., Stockton, T. C., & Shackelford, L. L. (2006). The human postcranial remains from Mladeč. In M. Teschler-Nicola (Ed.), Early Modern Humans at the Moravian Gate: The Mladeč Caves and Their Remains (pp. 381-445). Springer.
Wild, E. M., Teschler-Nicola, M., Kutschera, W., Steier, P., Trinkaus, E., & Wanek, W. (2005). Direct dating of early Upper Palaeolithic human remains from Mladeč. Nature, 435(7040), 332-335.",0.2476258309591643,0.010317742956631844,0.003582202111613876,0,0,0.006944444444444444,0,0,0.010416666666666666,0,0,0,0,0,0,0,0,0,0.041666666666666664,0,0,0.08333333333333333,0.041666666666666664,0,0.041666666666666664,0,0,0.041666666666666664,0.010416666666666666,8.012820512820514e-4,0,0,0.024928092042186,0,0,0.037392138063279,0,0,0,0,0,0,0,0,0,0.149568552253116,0,0,0.299137104506232,0.149568552253116,0,0.149568552253116,0,0,0.149568552253116,0.037392138063279,0.0028763183125599234,0.015914351851851853,0.017628205128205128,4.006410256410257e-4,0.010743114909781576,0.009550391737891737,0.6968397501631397,0.003858024691358025,0.0029861111111111113,1.388811126663556,0.5453528479537615,0.013770180436847104,0.3100238324857465,0.6622441125070906,3.996409692558171e-6,1.9391391015713633,0.6977906217954695,0.008259132016451343,1.6719921205773944,0.010090218423551756,0.0029861111111111113,0.011574074074074075,0.3938659457443833,1.9391391015713633,0,2.498877525170712e-6,-0.006210115048901025,0.01099537037037037,0.012721681089243956
Mojokerto,88_0,Mojokerto,Pucangan Formation,TRUE,Lower Pleistocene,NA,NA,1810000,1490000,58,NA,NA,Open air,Fluvial deposits,Southeast Asia,Indonesia (Java),1,Infantile,1,0,0,0,Indet,Geological transport,NA,Casual,NA,H. erectus,Mojokerto 88_0 1-3yrs,"Schwartz, J. H., & Tattersall, I. (2005). The human fossil record, craniodental morphology of genus Homo (Africa and Asia) (Vol. 2). John Wiley & Sons.",0.037037037037037035,0.037037037037037035,0.004524886877828055,1,0,0,0,0,0,0,0,0,0,0,0,0,0,0,0,0,0,0,0,0,0,0,0,0,0,0,1,0,0,0,0,0,0,0,0,0,0,0,0,0,0,0,0,0,0,0,0,0,0,0,0,0,0,0,0,0,0,0,1,0,0,1,1,0,0,0,0,1,0.9,0.3979077550336272,3.162277660168379,0,0.25,0,1,1,1,1.1111109876544583e-6,1.067033966571821,0,0.24537568032842474
Moros de la Gabasa,89_0,Los Moros de Gabasa,Level E-F,TRUE,Late Pleistocene,Middle Paleolithic,Mousterian,50000,40000,3,Cave,NA,NA,NA,West Europe,Spain,3,Mixed,0,1,0,2,Mixed,Carnivore,Carnivore den(transport),NA,NA,H. neanderthalensis,"Moros de la Gabasa 89_0 Les restes humains découverts dans la Grotte de “Los Moros de Gabasa” appartiennent
tous au type néandertal, correspondent à des éléments d’un petit groupe familial; ainsi se
trouvent représentés: un enfant et deux molaires correspondant à des adultes, une probablement
de sexe féminin, de même qu’une clavicule, un métatarsien et une phalange du pied.
Les restes proviennent des couches e et f, sauf une molaire et le métatarsien, qui
étaient inclus dans les déblais des fouilles clandestines.","Lorenzo, J. I., & Montes, L. (2001). Restes néandertaliens de la Grotte de “Los Moros de Gabasa” (Huesca, Espagne). In J. Zilhão, T. Aubry, & A. F. Carvalho (Eds.), Les premiers hommes modernes de la Péninsule",0.038408779149519894,0.012802926383173296,0.004524886877828055,0,0,0,0,0,0,0,0,0.3333333333333333,0,0,0,0,0,0,0,0,0,0,0,0,0,0,0.012345679012345678,0,0,0,0,0,0,0,0,0,0,0,0.9642857142857143,0,0,0,0,0,0,0,0,0,0,0,0,0,0,0.03571428571428571,0,0,0,0.006944444444444444,0,0.006172839506172839,0.006687242798353909,0.005015432098765432,1,0.013374485596707819,0.006944444444444444,1,0.6923076923076923,-0.013374485596707819,0.09486752832928112,0.7308099786691394,1.333307335586127e-6,2.076762059581244,0.8384615384615385,0.07132709433625695,2.294835983104046,0.007201646090534979,0,0,0.3846153846153846,2.076762059581244,0,1.2499817202448894e-6,-0.013154195800123138,0,0.008873222680973635
MG I MG II MG III MG IV MG V MG VI MG indet...8 MG indet...9,90_1 90_2 90_3 90_4 90_5 90_6 90_7 90_8,Moula-Guercy,Layer XV,TRUE,"Late Pleistocene
",Middle Paleolithic,Mousterian,130000,115000,5e,Cave,NA,NA,NA,West Europe,France,8,Mixed,0,4,1,1,Indet,Cannibalism,NA,Formal excavation,Partial,H. neanderthalensis,"MG I 90_1 Late stage adolescent (15-16yrs), n_juvenil: 2 (Aged 6-7 years)/ n_subadult: 2 (Adolescents, aged 15-17 years)   ? =!                
phox guery I o dos set to age ie mG I; MG II 90_2 Young adult (3-7yrs), n_juvenil: 2 (Aged 6-7 years)/ n_subadult: 2 (Adolescents, aged 15-17 years)   ? =!                
phox guery I o dos set to age ie mG I; MG III 90_3 n_juvenil: 2 (Aged 6-7 years)/ n_subadult: 2 (Adolescents, aged 15-17 years)   ? =!                
phox guery I o dos set to age ie mG I; MG IV 90_4 n_juvenil: 2 (Aged 6-7 years)/ n_subadult: 2 (Adolescents, aged 15-17 years)   ? =!                
phox guery I o dos set to age ie mG I; MG V 90_5 10-11yrs, n_juvenil: 2 (Aged 6-7 years)/ n_subadult: 2 (Adolescents, aged 15-17 years)   ? =!                
phox guery I o dos set to age ie mG I; MG VI 90_6 5yrs, n_juvenil: 2 (Aged 6-7 years)/ n_subadult: 2 (Adolescents, aged 15-17 years)   ? =!                
phox guery I o dos set to age ie mG I; MG indet...8 90_7 n_juvenil: 2 (Aged 6-7 years)/ n_subadult: 2 (Adolescents, aged 15-17 years)   ? =!                
phox guery I o dos set to age ie mG I; MG indet...9 90_8 n_juvenil: 2 (Aged 6-7 years)/ n_subadult: 2 (Adolescents, aged 15-17 years)   ? =!                
phox guery I o dos set to age ie mG I","Richards, G. D., Guipert, G., Jabbour, R. S., & Defleur, A. R. (2021). Neanderthal cranial remains from Baume Moula‐Guercy (Soyons, Ardèche, France). American Journal of Physical Anthropology, 175(1), 201-226.",0.5617020154057191,0.07021275192571488,0.024886877828054297,0.5,0,0.005208333333333333,0,0,0.010416666666666666,0,0,0.25,0.125,0,0,0,0,0,0,0,0,0.25,0.125,0,0,0.125,0.023148148148148147,0.375,0.078125,0.028846153846153848,0.26374864979101115,0,0.002747381768656366,0,0,0.005494763537312732,0,0,0.13187432489550557,0.06593716244775279,0,0,0,0,0,0,0,0,0.13187432489550557,0.06593716244775279,0,0,0.06593716244775279,0.012210585638472738,0.19781148734325835,0.04121072652984549,0.015216268257173721,0.12803819444444445,0.1606570512820513,0.025997150997150997,0.09402451329534663,0.07179442663817664,0.8144418404993387,0.027391975308641976,0.010364583333333333,1.0416583349996666,0.4653953374281935,0.1332650759734093,0.3140780952426867,0.7702603126704118,0.01445998484448894,2.1603285414880347,0.6962274470546507,0.2618067296491621,1.6548214299745296,0.10910048670465337,0.12755208333333334,0.027777777777777776,0.11634883435704835,2.1603285414880347,2,9.99445057210852e-6,0.48660499013128117,0.05295138888888889,0.15275103218236546
Skhul 1 Skhul 2 Skhul 3 Skhul 4 Skhul 5 Skhul 6 Skhul 7 Skhul 8 Skhul 9 Skhul 10,91_1 91_2 91_3 91_4 91_5 91_6 91_7 91_8 91_9 91_10,Mugharet es-Skhul,Layer B,TRUE,Late Pleistocene,Middle Paleolithic,Mousterian,140000,100000,5,Cave,NA,NA,NA,West Asia,Levant / Occupied Palestine,10,Mixed,1,2,0,7,Mixed,Funerary Context,Inhumation single,Formal excavation,Complete,H. sapiens,"Skhul 1 91_1 4yrs; Skhul 2 91_2 30-40yrs; Skhul 3 91_3 NA; Skhul 4 91_4 40-50yrs; Skhul 5 91_5 30-55yrs; Skhul 6 91_6 30-35yrs; Skhul 7 91_7 35-40yrs; Skhul 8 91_8 8-10yrs; Skhul 9 91_9 50yrs; Skhul 10 91_10 5-5,5yrs","1) NSB Data 2) McCown, T. D., & Keith, A. (1939). The Stone Age of Mount Carmel, Volume II: The Fossil Human Remains from the Levalloiso-Mousterian. Clarendon Press. 3) Grün, R., Stringer, C., McDermott, F., Nathan, R., Porat, N., Robertson, S., Taylor, L., Mortimer, G., Eggins, S., & McCulloch, M. (2005). U-series and ESR analyses of bones and teeth relating to the human burials from Skhul. Journal of Human Evolution, 49(3), 316–334.",2.822042840561359,0.2822042840561359,0.17420814479638008,0.9,0,0.25,0,0.3,0.26666666666666666,0,0.05,0.3,0.4,0,0.2,0.4,0,0,0.6,0.6,0,0.3,0.7,0.1,0.4,0.4,0.12592592592592594,0.7,0.45,0.1769230769230769,0.11811774383518106,0,0.0328104843986614,0,0.03937258127839369,0.03499785002523883,0,0.006562096879732281,0.03937258127839369,0.05249677503785825,0,0.026248387518929123,0.05249677503785825,0,0,0.07874516255678737,0.07874516255678737,0,0.03937258127839369,0.09186935631625194,0.013124193759464562,0.05249677503785825,0.05249677503785825,0.016526762511918338,0.09186935631625194,0.05905887191759053,0.023219727420591148,0.3611111111111111,0.4423076923076923,0.15142450142450142,0.2912155745489079,0.2664116809116809,0.5278274861276109,0.14012345679012345,0.12516666666666668,1.865665181603122,0.29690296094678115,0.30218423551756884,0.643378735957906,0.33801905049077596,0.1864672320719227,1.4021672151244822,0.4668818328095159,0.2635007651718613,0.9564074172268029,0.11711775878442543,0.321,0.17777777777777776,0.06597843576595139,1.4021672151244822,4,9.999559878468935e-6,0.7960656768333522,0.3138888888888889,0.24880383273860668
PM I PM II,92_1 92_2,Peștera Muierii,Gravettian layers,TRUE,Late Pleistocene,Upper Paleolithic,Gravettian,35000,32000,3,Cave,NA,NA,NA,Eastern Europe,Romania,2,Adult,0,0,0,2,Indet,Unknown,NA,Formal excavation,NA,H. sapiens,PM I 92_1 NA; PM II 92_2 NA,"Soficaru, A., Doboş, A., & Trinkaus, E. (2006). Early modern humans from the Peştera Muierii, Baia de Fier, Romania. Proceedings of the National Academy of Sciences, 103(46), 17196-17201.",0.09722222222222222,0.04861111111111111,0.00904977375565611,1,0,0,0,0,0,0,0,0,0,0.25,0,0,0,0,0,0,0,0,0,0,0,0,0,0,0.0625,0,0.7619047619047619,0,0,0,0,0,0,0,0,0,0.19047619047619047,0,0,0,0,0,0,0,0,0,0,0,0,0,0,0.047619047619047616,0,0.026041666666666664,0.020833333333333332,0,0.017361111111111112,0.013020833333333332,0.9622641509433961,0.013888888888888888,0.010416666666666666,1,0.9056603773584905,0.006944444444444444,0.05070930020736323,0.18231195730080774,1.3333244446885859e-6,1.1999884806635137,0.8735849056603773,0.39556331859801863,2.8379348919890433,0.0034722222222222203,0.25,0,0.8490566037735848,1.1999884806635137,1,1.4285630614434926e-6,1.054222081099259,0.03125,0.24361973479868235
Naparraitz I,93_0,Naparraitz I,NA,TRUE,Holocene,Bronze Age,NA,4000,3500,1,Cave,NA,NA,NA,West Europe,Spain,2,Indet,0,0,0,0,Indet,Cuevas Sepulcrales,NA,NA,NA,H. sapiens,Naparraitz I 93_0 Secondary position,"ARMENDARIZ, A., & ETXEBERRIA, F. (1983). Las cuevas sepulcrales de la Edad del Bronce en Guipúzcoa. Munibe, 35(3-4), 247-354.",0.17815500685871055,0.08907750342935528,0.03167420814479638,0.5,0,0.020833333333333332,0,0,0.0625,0,0,0,0,0,0,0,0,0,1,0,0,0,0,0,0,0,0.009259259259259259,0.5,0.3125,0,0.20789220404234843,0,0.008662175168431183,0,0,0.025986525505293553,0,0,0,0,0,0,0,0,0,0.41578440808469685,0,0,0,0,0,0,0,0.0038498556304138593,0.20789220404234843,0.12993262752646775,0,0.2170138888888889,0.2708333333333333,0.004629629629629629,0.14621913580246915,0.11601851851851852,0.700207468879668,0.021604938271604937,0.012708333333333332,0.6944546292901348,0.350103734439834,0.2492283950617284,0.3257847574278351,0.5363516522351024,3.999575009324276e-6,1.7097576789131823,0.6799403526970954,0.2054119611278975,1.4728450143342418,0.10378086419753085,0.13770833333333332,0.05555555555555555,0,1.7097576789131823,3,3.333094997138689e-6,0.5099530777086052,0.1840277777777778,0.1875000214121883
Netankheri,94_0,Netankheri,Fluvial gravely sand bed,TRUE,Middle Pleistocene,Lower Paleolithic,Acheulean,250000,250000,45846,NA,NA,Open air,Fluvial deposits,Southeast Asia,India,1,Adult,0,0,0,1,Male,Geological transport,NA,NA,NA,Middle Pleistocene hominin,Netankheri 94_0 NA,"Sankhyan, A. R., Badam, G. L., Dewangan, L. N., Chakraborty, S., Kundu, S., Chakravarty, R., & Prabha, S. (2012). New postcranial hominin fossils from the central Narmada Valley, India. Advances in Anthropology, 2(03), 125.",0.027777777777777776,0.027777777777777776,0.013574660633484163,0,0,0,0,0,0,0,0,0,0,0,0,0,0,0.5,0,0,0,0,0,0,0,0,0,0,0.25,0,0,0,0,0,0,0,0,0,0,0,0,0,0,0,0.6666666666666666,0,0,0,0,0,0,0,0,0,0,0.3333333333333333,0,0.0763888888888889,0.08333333333333333,0,0.05092592592592592,0.03819444444444445,0.9999999999999999,0.018518518518518517,0,1,0.8181818181818181,0.06481481481481481,0.06740342178737276,-10.838147059249325,1.333328444537924e-6,1.963597805715815e-5,0.8636363636363635,0.041113500054156704,2.5873180855923104,-0.05092592592592592,0,0.05555555555555555,0.6363636363636364,1.963597805715815e-5,1,1.249996562562577e-6,0.08574706755340003,0.1527777777777778,0.07741473131556759
NG 1 NG 2 NG 3 NG 4 NG 5 NG 6 NG 7 NG 8 NG 9 NG 10 NG 11 NG 12 NG 13 NG 14 NG 17,95_1 95_2 95_3 95_4 95_5 95_6 95_7 95_8 95_9 95_10 95_11 95_12 95_13 95_14 95_15,Ngandong,High Terrace deposits of the Solo river,TRUE,Late Pleistocene,Middle Paleolithic,Ngandong industry,53000,27000,3,NA,NA,Open air,Fluvial deposits,Southeast Asia,Indonesia (Java),15,Mixed,0,1,0,14,Indet,Geological transport,NA,Formal excavation,NA,H. erectus,"NG 1 95_1 The unusual accumulation of mostly braincases, often with the base and face missing, is debated, with interpretations ranging from fluvial transport to ritual activity; NG 2 95_2 3-7yrs, The unusual accumulation of mostly braincases, often with the base and face missing, is debated, with interpretations ranging from fluvial transport to ritual activity; NG 3 95_3 The unusual accumulation of mostly braincases, often with the base and face missing, is debated, with interpretations ranging from fluvial transport to ritual activity; NG 4 95_4 The unusual accumulation of mostly braincases, often with the base and face missing, is debated, with interpretations ranging from fluvial transport to ritual activity; NG 5 95_5 The unusual accumulation of mostly braincases, often with the base and face missing, is debated, with interpretations ranging from fluvial transport to ritual activity; NG 6 95_6 The unusual accumulation of mostly braincases, often with the base and face missing, is debated, with interpretations ranging from fluvial transport to ritual activity; NG 7 95_7 The unusual accumulation of mostly braincases, often with the base and face missing, is debated, with interpretations ranging from fluvial transport to ritual activity; NG 8 95_8 The unusual accumulation of mostly braincases, often with the base and face missing, is debated, with interpretations ranging from fluvial transport to ritual activity; NG 9 95_9 The unusual accumulation of mostly braincases, often with the base and face missing, is debated, with interpretations ranging from fluvial transport to ritual activity; NG 10 95_10 The unusual accumulation of mostly braincases, often with the base and face missing, is debated, with interpretations ranging from fluvial transport to ritual activity; NG 11 95_11 The unusual accumulation of mostly braincases, often with the base and face missing, is debated, with interpretations ranging from fluvial transport to ritual activity; NG 12 95_12 The unusual accumulation of mostly braincases, often with the base and face missing, is debated, with interpretations ranging from fluvial transport to ritual activity; NG 13 95_13 The unusual accumulation of mostly braincases, often with the base and face missing, is debated, with interpretations ranging from fluvial transport to ritual activity; NG 14 95_14 The unusual accumulation of mostly braincases, often with the base and face missing, is debated, with interpretations ranging from fluvial transport to ritual activity; NG 17 95_15 The unusual accumulation of mostly braincases, often with the base and face missing, is debated, with interpretations ranging from fluvial transport to ritual activity","Schwartz, J. H., & Tattersall, I. (2005). The human fossil record, craniodental morphology of genus Homo (Africa and Asia) (Vol. 2). John Wiley & Sons.                                                                          Schwartz, J. H., & Tattersall, I. (2005). The Human Fossil Record, Volume IV: Craniodental Morphology of Southeast Asia. Wiley-Liss.                                                             Rizal, Y., Westaway, K.E., Zaim, Y. et al. Last appearance of Homo erectus at Ngandong, Java, 117,000–108,000 years ago. Nature 577, 381–385 (2020). https://doi.org/10.1038/s41586-019-1863-2",0.4537037037037037,0.030246913580246917,0.004223227752639517,0.8,0,0,0,0,0,0,0,0,0,0,0,0,0,0,0,0,0,0,0,0,0,0,0,0,0.016666666666666666,0,0.9795918367346939,0,0,0,0,0,0,0,0,0,0,0,0,0,0,0,0,0,0,0,0,0,0,0,0,0.02040816326530612,0,0.004166666666666667,0.005555555555555556,0,0.002777777777777778,0.0020833333333333333,1,0,0,1,0.9795918367346939,0.005555555555555556,0.011639419714733614,-7.929766461729667,1.1428473476104497e-6,3.598704466392098e-4,0.8959183673469386,0.4028423682414397,3.091236106092899,-0.002777777777777778,0.2,0,0.9591836734693877,3.598704466392098e-4,1,1.249990430323474e-6,0.857100246403392,0.008333333333333333,0.1950839320650115
Ngawi,96_0,Ngawi,Selopuro left river bank,TRUE,Late Pleistocene,NA,NA,NA,NA,NA,NA,NA,Open air,Fluvial deposits,Southeast Asia,Indonesia (Java),1,Adult,0,0,0,1,Indet,Geological transport,NA,Casual,NA,H. erectus,Ngawi 96_0 NA,"1) Sartono, S. (1990). A new Homo erectus skull from Ngawi, Java, Indonesia.    2) Grimaud-Hervé, D., & Widianto, H. (1993). Les hominidés de Java. Dossiers d’Archéologie, 184, 30–46. 3) Zeitoun, V., & Widianto, H. (2001). Phylogeny of the skull from Ngawi (Java).",0.037037037037037035,0.037037037037037035,0.004524886877828055,1,0,0,0,0,0,0,0,0,0,0,0,0,0,0,0,0,0,0,0,0,0,0,0,0,0,0,1,0,0,0,0,0,0,0,0,0,0,0,0,0,0,0,0,0,0,0,0,0,0,0,0,0,0,0,0,0,0,0,1,0,0,1,1,0,0,0,0,1,0.9,0.3979077550336272,3.162277660168379,0,0.25,0,1,1,1,1.1111109876544583e-6,1.067033966571821,0,0.24537568032842474
OBK I OBK II,97_1 97_2,Oberkassel,NA,TRUE,Late Pleistocene,Upper Paleolithic,Magdalenian,14200,14000,2,NA,NA,Open air,NA,West Europe,Germany,2,Adult,0,0,0,2,Mixed,Funerary Context,Inhumation multiple,Quarry,NA,H. sapiens,OBK I 97_1 NA; OBK II 97_2 NA,"1) NSB: Data 2) Street, M., Baales, M., & Czarnetzki, A. (2001). The Late Glacial human and domestic dog from Oberkassel (Germany). In L'Homme et l'animal dans la préhistoire. Actes du colloque de la Société préhistorique française. 3) Verworn, M., Bonnet, R., & Steinmann, G. (1919). Der diluviale Menschenfund von Obercassel bei Bonn. J.F. Bergmann.",0.9482826843937955,0.47414134219689774,0.21945701357466063,1,0,0.6041666666666666,0,0,0.5208333333333334,0,0,1,0.5,0,1,1,0,0,1,1,0,1,1,0,1,0.5,0.027777777777777776,1,0.5625,0.08653846153846154,0.07811391612768621,0,0.04719382432714375,0,0,0.04068433131650324,0,0,0.07811391612768621,0.03905695806384311,0,0.07811391612768621,0.07811391612768621,0,0,0.07811391612768621,0.07811391612768621,0,0.07811391612768621,0.07811391612768621,0,0.07811391612768621,0.03905695806384311,0.002169831003546839,0.07811391612768621,0.0439390778218235,0.0067598581264343835,0.5399305555555556,0.5496794871794872,0.057158119658119656,0.37900641025641024,0.391025641025641,0.48447204968944096,0.20833333333333334,0.2864583333333333,2.4166610000226667,0.24223602484472048,0.34134615384615385,0.6348640261251044,0.5329872639262732,0.1276154597043753,1.7040150557911429,0.46860766045548646,0.05349054319214741,0.8942013449287645,0.26682692307692313,0.46354166666666663,0.3055555555555556,0,1.7040150557911429,7,9.999363157273449e-6,0.4566906650250823,0.4340277777777778,0.359136103562214
Ochoz I Ochoz II,98_1 98_2,"Ochoz 1, Ochoz 2",Švédův stůl Cave,TRUE,Late Pleistocene,Middle Paleolithi,Mousterian,NA,NA,5,Cave,Cave Interior,NA,NA,Central Europe,Czech Republic,2,Adult,0,0,0,1,Indet,Unknown,NA,NA,NA,H. neanderthalensis,Ochoz I 98_1 NA; Ochoz II 98_2 Ochoz 2 cranial/dental remains,"Skopal, N. (2020). Preliminary report of the 2019 excavation at Švédův Stůl Cave in the Moravian Karst. Přehled výzkumů.",0.07407407407407407,0.037037037037037035,0.004524886877828055,1,0,0,0,0,0,0,0,0,0,0,0,0,0,0,0,0,0,0,0,0,0,0,0,0,0,0,1,0,0,0,0,0,0,0,0,0,0,0,0,0,0,0,0,0,0,0,0,0,0,0,0,0,0,0,0,0,0,0,1,0,0,1,1,0,0,0,0,1,0.9,0.3979077550336272,3.162277660168379,0,0.25,0,1,1,1,1.1111109876544583e-6,1.067033966571821,0,0.24537568032842474
TE individual GS Individual,99_1 99_2,Ojo Guareña,NA,TRUE,Holocene,Bronze Age,Early Bronze Age,4000,3500,1,Cave,Cave Interior,NA,NA,West Europe,Spain,2,Adult,0,0,0,2,Male,Funerary Context,No inhumation,NA,NA,H. sapiens,TE individual 99_1 NA; GS Individual 99_2 NA,"González-Rabanal, B., Marín-Arroyo, A. B., Vidal-Cordasco, M., Martín, M. Á., & Ortega, A. I. (2023). Early Bronze Age violence in Ojo Guareña (Merindad de Sotoscueva, Burgos, Spain). Perimortem modifications in two male individuals. Quaternary Science Advances, 12, 100120.",1.0538013084309381,0.52690065421546906,0.4841628959276018,1,1,0.8541666666666666,0,1,1,0,0,1,1,0,1,0.5,0,0.5,1,0,0,0.5,0,0.5,1,0,0.5740740740740741,1,0.5,0.2980769230769231,0.07029225858939858,0.07029225858939858,0.06004130421177795,0,0.07029225858939858,0.07029225858939858,0,0,0.07029225858939858,0.07029225858939858,0,0.07029225858939858,0.03514612929469929,0,0.03514612929469929,0.07029225858939858,0,0,0.03514612929469929,0,0.03514612929469929,0.07029225858939858,0,0.04035296326428437,0.07029225858939858,0.03514612929469929,0.020952500156455348,0.5104166666666666,0.5993589743589743,0.43607549857549854,0.48563627730294395,0.5334980413105413,0.3190818442657879,0.37191358024691357,0.6614583333333334,1.7083319166695,0.15954092213289395,0.22744539411206077,0.8802431411077585,0.2850810186954455,0.42789844560755186,1.3298697680706613,0.2609215647282747,0.0028900788484338413,0.4951250201476487,0.16019705603038942,0.8385416666666666,0.25,0,1.3298697680706613,10,0.48318462157005077,-0.0892451581823207,0.375,0.3098948035843199
Olatzazpi,100_0,Olatzazpi,NA,TRUE,Holocene,Bronze Age,NA,4000,3500,1,Cave,NA,NA,NA,West Europe,Spain,3,Mixed,1,0,0,2,Indet,Cuevas Sepulcrales,NA,NA,NA,H. sapiens,Olatzazpi 100_0 Secondary Position,"ARMENDARIZ, A., & ETXEBERRIA, F. (1983). Las cuevas sepulcrales de la Edad del Bronce en Guipúzcoa. Munibe, 35(3-4), 247-354.",0.08380816714150048,0.02793605571383349,0.024132730015082957,0.6666666666666666,0,0,0,0,0,0,0,0,0,0,0,0,0,0,0,0,0,0,0,0,0,0,0.05555555555555555,0,0,0.032051282051282055,0.8838526912181304,0,0,0,0,0,0,0,0,0,0,0,0,0,0,0,0,0,0,0,0,0,0,0.07365439093484419,0,0,0.042492917847025496,0,0.010683760683760686,0.0438034188034188,0.0146011396011396,0.0109508547008547,0.9575070821529744,0.018518518518518517,0,1,0.8838526912181303,-0.007834757834757832,0.0606292597239007,-9.588923344982575,1.3333224003779598e-6,6.848311461985725e-5,0.8682719546742209,0.4388303300520914,2.7657150916669084,-0.0146011396011396,0.16666666666666666,0,0.8101983002832861,6.848311461985725e-5,1,1.4285610819728255e-6,0.7392165010175252,0,0.15627279759787235
Otalora,101_0,Otalora,NA,TRUE,Holocene,Bronze Age,NA,4000,3500,1,Cave,NA,NA,NA,West Europe,Spain,2,Indet,0,0,0,0,Indet,Cuevas Sepulcrales,NA,NA,NA,H. sapiens,Otalora 101_0 NA,"ARMENDARIZ, A., & ETXEBERRIA, F. (1983). Las cuevas sepulcrales de la Edad del Bronce en Guipúzcoa. Munibe, 35(3-4), 247-354.",0.10133744855967078,0.05066872427983539,0.04751131221719457,0.5,0,0.041666666666666664,0,0,0.08333333333333333,0,0,0,0,0,0,0,0,0.25,0,0,0,0,0,0,0,0,0.05555555555555555,0,0.4375,0,0.36548223350253806,0,0.03045685279187817,0,0,0.06091370558375634,0,0,0,0,0,0,0,0,0.18274111675126903,0,0,0,0,0,0,0,0,0.04060913705583756,0,0.3197969543147208,0,0.11631944444444445,0.14583333333333334,0.027777777777777776,0.08680555555555555,0.0753125,0.8503401360544217,0.027777777777777776,0.020416666666666666,1.041665625026041,0.4535147392290249,0.11805555555555557,0.2625458157855822,-11.371437422630175,2.666573085161383e-6,1.1519867291128806e-5,0.7235827664399093,0.3549005237590138,1.7290480604858347,-0.08680555555555555,0.14541666666666667,0.027777777777777776,0.05668934240362811,1.1519867291128806e-5,2,2.4999329499957397e-6,0.6074716658237598,0.2326388888888889,0.1531083963872265
Paviland I,102_0,Goat’s Hole (Paviland Cave),NA,TRUE,Late Pleistocene,Upper Paleolithic,Gravettian,35000,34000,3,Cave,Cave Interior,NA,NA,West Europe,Wales,1,Adult,0,0,0,1,Male,Funerary Context,Inhumation single,Casual,NA,H. sapiens,Paviland I 102_0 Paviland II,"Jacobi, R. M., & Higham, T. F. (2008). The “Red Lady” ages gracefully: new ultrafiltration AMS determinations from Paviland. Journal of human evolution, 55(5), 898-907.",0.22602089268755934,0.22602089268755934,0.13122171945701358,0,0,0,0,0,0.20833333333333334,0,0,0,0,0,0,1,0,0,0,1,0,0,1,0,0,1,0,1,0.625,0.2692307692307692,0,0,0,0,0,0.03413865546218488,0,0,0,0,0,0,0.1638655462184874,0,0,0,0.1638655462184874,0,0,0.1638655462184874,0,0,0.1638655462184874,0,0.1638655462184874,0.10241596638655463,0.04411764705882353,0.46875,0.6314102564102564,0.1346153846153846,0.3573717948717949,0.28052884615384616,0.7240788346186804,0.08333333333333333,0.04583333333333334,9.999900000999989e-6,0.44558697514995715,0.548076923076923,0.35069151031540524,0.4158731719726791,3.999931373200707e-6,1.5156936242474373,0.6789774350185661,9.787009798589708e-5,1.4883874192225317,0.18429487179487175,0.025,0.16666666666666666,0.16709511568123392,1.5156936242474373,3,2.499978553941249e-6,0.017676470675758192,0.3958333333333333,0.3340121381753167
Pavlov I,103_0,Pavlov I,NA,TRUE,Late Pleistocene,Upper Paleolithic,Gravettian,30000,20000,3,Open air,NA,NA,NA,Central Europe,Czech Republic,1,Adult,0,0,0,1,Male,Funerary Context,Inhumation single,Formal excavation,NA,H. sapiens,Pavlov I 103_0 NA,"1) NSB: Data 2) Trinkaus, E., & Svoboda, J. (Eds.). (2006). Early Modern Human Evolution in Central Europe: The People of Dolní Věstonice and Pavlov. Oxford University Press. 3) Svoboda, J. A., Novák, M., Sázelová, S., & Hladilová, Š. (2016). Pavlov I: A large Gravettian site in space and time. Quaternary International, 406, 95-105.",0.44050068587105623,0.44050068587105623,0.11312217194570136,1,0,0.375,0,0,0,0,0,1,1,0,1,1,0,0,1,1,0,1,1,0,1,1,0.018518518518518517,0,0.5,0,0.08407940833008952,0,0.031529778123783575,0,0,0,0,0,0.08407940833008952,0.08407940833008952,0,0.08407940833008952,0.08407940833008952,0,0,0.08407940833008952,0.08407940833008952,0,0.08407940833008952,0.08407940833008952,0,0.08407940833008952,0.08407940833008952,0.001557026080186843,0,0.04203970416504476,0,0.29166666666666663,0.16666666666666666,0.009259259259259259,0.19753086419753085,0.19502314814814814,0.5858951175406871,0.22839506172839505,0.17708333333333331,375001,0.39059674502712477,-0.06172839506172839,0.4040997449964081,-0.16989809930058294,2.666609189041827e-6,0.8437507910116205,0.6128390596745027,0.26462405586656645,1.2741780564469072,-0.030864197530864196,0.34375,0.3333333333333333,0.19529837251356238,0.8437507910116205,5,2.49995896084825e-6,0.8976420835612516,0.41666666666666663,0.2797410567569203
Perrats Adults Perrats Subadults,104_1 104_2,Grotte des Perrats,Couche 3,TRUE,Holocene,Mesolithic,NA,8500,8500,1,Cave,NA,NA,NA,West Europe,France,8,Mixed,0,0,3,5,Indet,Cannibalism,NA,Formal excavation,Partial,H. sapiens,Perrats Adults 104_1 NA; Perrats Subadults 104_2 NA,"Boulestin, B. (1999). Approche taphonomique des restes humains. Le Cas des Mésolithiques de la Grotte des Perrats et le Problème du Cannibalisme en Préhistoire Récente Européenne (BAR IS 776, Archaeopress, 1999).",1.5805898491083676,0.19757373113854595,0.09841628959276018,1.375,0,0.08333333333333333,0,0,0.234375,0,0.25,0,0,0.5,0,0,0,0.75,0,0,0.5625,0,0,0.5625,0,0,0.032407407407407406,0.5,0.453125,0.03125,0.2577565632458234,0,0.015621609893686265,0,0,0.043935777825992624,0,0.0468648296810588,0,0,0.0937296593621176,0,0,0,0.1405944890431764,0,0,0.1054458667823823,0,0,0.1054458667823823,0,0,0.0060750705142113256,0.0937296593621176,0.08494250379691907,0.00585810371013235,0.3216145833333333,0.328125,0.031828703703703706,0.22501929012345678,0.19324363425925925,0.6419146491262828,0.12191358024691358,0.08020833333333333,0.7407430452470052,0.47073740935927405,0.20621141975308643,0.4361992097723442,0.3284170927062622,0.07940396739747914,1.388768096550525,0.6212822443238102,0.3997415809680773,1.4314476286207656,0.08748070987654322,0.3927083333333333,0.20833333333333334,0.2995601695922653,1.388768096550525,3,9.99898532391245e-6,1.414087079790507,0.3307291666666667,0.32394298422592116
Pikandita,105_0,Pikandita,NA,TRUE,Holocene,Bronze Age,NA,4000,3500,1,Cave,NA,NA,NA,West Europe,Spain,4,Mixed,0,1,0,3,Indet,Cuevas Sepulcrales,NA,NA,NA,H. sapiens,Pikandita 105_0 Burial,"ARMENDARIZ, A., & ETXEBERRIA, F. (1983). Las cuevas sepulcrales de la Edad del Bronce en Guipúzcoa. Munibe, 35(3-4), 247-354.",0.4814155323414583,0.12035388308536457,0.10067873303167421,1,0,0.11458333333333333,0,0,0.010416666666666666,0,0,0,0,0,0,0,0,0,0.5,0.25,0.625,0,0,0.125,0,0,0.19907407407407407,0.25,0.09375,0.08173076923076923,0.3077344584783145,0,0.03526124003397353,0,0,0.003205567275815776,0,0,0,0,0,0,0,0,0,0.15386722923915724,0.07693361461957862,0.19233403654894657,0,0,0.03846680730978931,0,0,0.06126195238225705,0.07693361461957862,0.028850105482341983,0.025151374010246856,0.1171875,0.14182692307692307,0.14040242165242164,0.12492580721747389,0.10864227207977208,0.6687574068217066,0.10802469135802469,0.029895833333333333,22.9122842098247,0.53500592545736525,0.03380223171889839,0.3854046728286192,5.93713725027445e-4,7.998011597921124e-6,1.0005938900079066,0.6351061438038006,0.4938457584873811,1.5920969498201418,7.419278252611405e-5,0.27989583333333334,0.125,0.4012544440930239,1.0005938900079066,2,4.999376047744377e-6,1.1186484494018658,0.109375,0.2117153556997059
Predmosti 1 Predmosti 2 Predmosti 3 Predmosti 4 Predmosti 5 Predmosti 6 Predmosti 7 Predmosti 8 Predmosti 9 Predmosti 10 Predmosti 11 Predmosti 12 Predmosti 13 Predmosti 14 Predmosti 15 Predmosti 16 Predmosti 17 Predmosti 18 Predmosti 19 Predmosti 20 Predmosti 21 Predmosti 22 Predmosti 23 Predmosti 24 Predmosti 25 Predmosti 26 Predmosti 27 Predmosti 28 Predmosti 29 Predmosti 30,106_1 106_2 106_3 106_4 106_5 106_6 106_7 106_8 106_9 106_10 106_11 106_12 106_13 106_14 106_15 106_16 106_17 106_18 106_19 106_20 106_21 106_22 106_23 106_24 106_25 106_26 106_27 106_28 106_29 106_30,Předmostí,NA,TRUE,Late Pleistocene,Upper Paleolithic,Gravettian,29000,27000,3,NA,NA,Open Air,NA,Central Europe,Czech Republic,30,Mixed,4,9,0,17,Indet,Funerary Context,Collective burial,Formal excavation,NA,H. sapiens,Predmosti 1 106_1 NA; Predmosti 2 106_2 7yrs; Predmosti 3 106_3 NA; Predmosti 4 106_4 NA; Predmosti 5 106_5 NA; Predmosti 6 106_6 2-3yrs; Predmosti 7 106_7 12-14yrs; Predmosti 8 106_8 4yrs; Predmosti 9 106_9 20-25yrs; Predmosti 10 106_10 NA; Predmosti 11 106_11 6 month; Predmosti 12 106_12 4 month; Predmosti 13 106_13 NA; Predmosti 14 106_14 Adulte (Senior); Predmosti 15 106_15 NA; Predmosti 16 106_16 NA; Predmosti 17 106_17 NA; Predmosti 18 106_18 yound adult; Predmosti 19 106_19 NA; Predmosti 20 106_20 9-10yrs; Predmosti 21 106_21 24+yrs; Predmosti 22 106_22 9-12 yrs; Predmosti 23 106_23 NA; Predmosti 24 106_24 10yrs; Predmosti 25 106_25 12yrs; Predmosti 26 106_26 NA; Predmosti 27 106_27 NA; Predmosti 28 106_28 NA; Predmosti 29 106_29 NA; Predmosti 30 106_30 25-30yrs,"Velemínská, J., & Brůžek, J. (Eds.). (2008). Early Modern Humans from Předmostí near Přerov, Czech Republic: A new reading of old documentation. Academia.",7.043922127255461,0.2347974042418487,0.12745098039215685,0.8,0,0.2,0,0,0,0,0,0.3333333333333333,0.3333333333333333,0,0.3,0.3333333333333333,0,0,0.5333333333333333,0.5,0,0.5666666666666667,0.36666666666666664,0,0.5,0.4666666666666667,0.1388888888888889,0.4,0.43333333333333335,0.13397435897435897,0.126192321952206,0,0.0315480804880515,0,0,0,0,0,0.05258013414675251,0.05258013414675251,0,0.047322120732077255,0.05258013414675251,0,0,0.08412821463480401,0.07887020122012875,0,0.08938622804947925,0.05783814756142775,0,0.07887020122012875,0.0736121878054535,0.021908389227813546,0.063096160976103,0.06835417439077826,0.02113316930129091,0.2761574074074074,0.32243589743589746,0.13643162393162395,0.22958214624881293,0.1971866096866097,0.5187537447573397,0.1367283950617284,0.07708333333333334,200001.00000000003,0.3364889155182744,0.18570750237416905,0.5866335165953562,0.10172889732046708,7.999681303312302e-6,1.107083297792295,0.5011084481725584,0.41200868633820864,1.0284330305676532,0.024584520417853722,0.25,0.16296296296296298,0.1542240862792091,1.107083297792295,3,4.9998972804316646e-6,0.8395285502770176,0.29814814814814816,0.18749111694307122
Q3 Q4 Q5 Q6 Q7 Q567 Q8 Q9 Q10 Q11 Q12 Q13 Q14 Q15 Q21 Q22 Q25,107_1 107_2 107_3 107_4 107_5 107_6 107_7 107_8 107_9 107_10 107_11 107_12 107_13 107_14 107_15 107_16 107_17,Qafzeh Cave,Layer XVI to XXIII,TRUE,Late Pleistocene,Middle Paleolithic,Mousterian,145000,80000,5e,Cave,NA,NA,NA,West Asia,Levant / Occupied Palestine,17,Indet,3,6,0,8,Indet,Funerary Context,Inhumation single; Inhumation multiple,Formal excavation,NA,H. sapiens,Q3 107_1 NA; Q4 107_2 6yrs; Q5 107_3 Young adult; Q6 107_4 NA; Q7 107_5 NA; Q567 107_6 NA; Q8 107_7 NA; Q9 107_8 Young adult; Q10 107_9 6yrs; Q11 107_10 11-13yrs; Q12 107_11 3-4yrs; Q13 107_12 1 month new born; Q14 107_13 6yrs; Q15 107_14 9yrs; Q21 107_15 3yrs; Q22 107_16 6yrs; Q25 107_17 NA,"1) NSB: Data 2) Vandermeersch, B., & Bar-Yosef, O. (2019). The paleolithic burials at Qafzeh cave, Israel. PALEO. Revue d'archéologie préhistorique, (30-1), 256-275. 3) Tillier, A.-M. (1999). Les plus anciens restes humains découverts à Qafzeh (Israël) et leur place dans la chronologie du Pléistocène moyen et supérieur du Levant. PALEO, Supplément, (2), 179.",4.044792655903767,0.23792897975904512,0.17434122970455151,0.8823529411764706,0.058823529411764705,0.19117647058823528,0,0.17647058823529413,0.18627450980392157,0,0,0.35294117647058826,0.35294117647058826,0,0.4117647058823529,0.29411764705882354,0,0,0.47058823529411764,0.4117647058823529,0,0.4117647058823529,0.35294117647058826,0.029411764705882353,0.4117647058823529,0.35294117647058826,0.2581699346405229,0.4117647058823529,0.25,0.15610859728506787,0.13735081197417337,0.009156720798278223,0.02975934259440423,0,0.02747016239483467,0.028996282527881043,0,0,0.05494032478966934,0.05494032478966934,0,0.06409704558794757,0.04578360399139112,0,0,0.07325376638622579,0.06409704558794757,0,0.06409704558794757,0.05494032478966934,0.004578360399139112,0.06409704558794757,0.05494032478966934,0.040187830170221095,0.06409704558794757,0.03891606339268245,0.024300528272353746,0.22916666666666666,0.27262443438914025,0.2071392659627954,0.22182419976537623,0.20188285570638512,0.5062584081378974,0.17102396514161222,0.11514705882352941,2.0569506530625934,0.3451761873667482,0.10160046924752802,0.7024366629059614,0.17673342619790783,0.16500487150624796,1.193312944755243,0.4193444209300679,0.42162023173804974,0.9488857160271134,0.042881682587564945,0.3063235294117647,0.13725490196078433,0.18409396659559904,1.193312944755243,4,0.1501130499112383,0.8424869516901822,0.19362745098039216,0.18446839356975717
Regourdou I Regourdou II,108_1 108_2,Regourdou,Tumulus IVA at Level IV,TRUE,Late Pleistocene,Middle Paleolithic,Mousterian,71000,57000,4,Cave,NA,NA,NA,West Europe,France,2,Adult,0,0,0,2,Male,Funerary Context,Inhumation single,Formal excavation,Partial,H. neanderthalensis,Regourdou I 108_1 NA; Regourdou II 108_2 NA,"1) Gómez-Olivencia, A., Couture-Veschambre, C., Madelaine, S., & Maureille, B. (2013). The vertebral column of the Regourdou 1 Neandertal. Journal of Human Evolution, 64(6), 582–607. 2) Madelaine, S., Maureille, B., Cavanhié, N., Couture-Veschambre, C., Bonifay, E., Armand, D., Bonifay, M.-F., Duday, H., Fosse, P., & Vandermeersch, B. (2008). Nouveaux restes humains moustériens rapportés au squelette néandertalien de Regourdou 1 (Regourdou, commune de Montignac, Dordogne, France). PALEO, (20), 101–114. 3) Pablos, A., Gómez-Olivencia, A., Maureille, B., Holliday, T. W., Madelaine, S., Trinkaus, E., & Couture-Veschambre, C. (2019). Neandertal foot remains from Regourdou 1 (Montignac-sur-Vézère, Dordogne, France). Journal of Human Evolution, 128, 17–44.",0.5892028067953994,0.2946014033976997,0.2828054298642534,0.5,0,0.4166666666666667,0,0.5,0.4375,0,0,0.5,0.5,0,0,0.5,0,0,0.5,0.5,0,0.5,0.5,0,0.5,0.5,0.39814814814814814,0.5,0.5,0.20192307692307693,0.06285957332497594,0,0.052382977770813285,0,0.06285957332497594,0.055002126659353945,0,0,0.06285957332497594,0.06285957332497594,0,0,0.06285957332497594,0,0,0.06285957332497594,0.06285957332497594,0,0.06285957332497594,0.06285957332497594,0,0.06285957332497594,0.06285957332497594,0.0500548454254438,0.06285957332497594,0.06285957332497594,0.02538559691970182,0.3229166666666667,0.40064102564102566,0.3000356125356125,0.315289648622982,0.3160505698005698,0.33020687319491615,0.22993827160493827,0.19041666666666668,1.8939353305969822,0.16510343659745808,0.1707027540360874,0.7908083993964863,-0.00888723827503111,0.2468427413300161,0.9911521364963863,0.3174623931061084,0.11748266740023228,0.6004413971513294,-0.0027896486229819772,0.2841666666666667,0.16666666666666666,0,0.9911521364963863,5,9.999655918898084e-6,0.33339452224259875,0.3333333333333333,0.17082291944245542
Reilingen,109_0,Reilingen,Gravel pit sequence,TRUE,Middle Pleistocene,NA,NA,250000,1250000,45874,NA,NA,Open air,Fluvial deposits,West Europe,Germany,1,Adult,0,0,0,1,Indet,Geological transport,NA,NA,NA,Middle Pleistocene hominin,Reilingen 109_0 flooded gravel pit,"Schwartz, J. H. (2002). The Human Fossil Record, Volume 1, Terminology and Craniodental Morphology. John Wiley & Sons.                      Czarnetzki, A. (1989). Ein archaischer Hominidencalvariarest aus einer Kiesgrube in Reilingen, Rhein-Neckar-Kreis. Quartär–Internationales Jahrbuch zur Erforschung des Eiszeitalters und der Steinzeit, 191-201.                                                                                                                                              Ziegler, R., & Dean, D. (1998). Mammalian fauna and biostratigraphy of the pre-Neandertal site of Reilingen, Germany. Journal of Human Evolution, 34, 469–484",0.037037037037037035,0.037037037037037035,0.004524886877828055,1,0,0,0,0,0,0,0,0,0,0,0,0,0,0,0,0,0,0,0,0,0,0,0,0,0,0,1,0,0,0,0,0,0,0,0,0,0,0,0,0,0,0,0,0,0,0,0,0,0,0,0,0,0,0,0,0,0,0,1,0,0,1,1,0,0,0,0,1,0.9,0.3979077550336272,3.162277660168379,0,0.25,0,1,1,1,1.1111109876544583e-6,1.067033966571821,0,0.24537568032842474
Roc de Cave,110_0,"Roc-de-Cave (Saint-Cirq-Madelon, Lot)",Dark grey layer,TRUE,Late Pleistocene,Upper Paleolithic,Magdalenian,11210,11210,2,Rockshelter,NA,NA,NA,West Europe,France,1,Subadult,0,0,1,0,Indet,Funerary Context,No inhumation,Casual,NA,H. sapiens,Roc de Cave 110_0 hand_phalanx_proximal_2_right or hand_phalanx_proximal_3_right set to 2.,"Bresson, F. (2000). Le squelette du Roc-de-Cave (Saint-Cirq-Madelon, Lot)/The Roc-de-Cave skeleton (Saint-Cirq-Madelon, Lot). Paléo, Revue d'Archéologie Préhistorique, 12(1), 29-59.",0.5212620027434842,0.5212620027434842,0.1583710407239819,1,0,0.625,0,1,0,0,0,1,1,0,1,1,0,0,1,1,0,1,1,0,1,1,0.07407407407407407,1,0.375,0,0.07105263157894737,0,0.044407894736842105,0,0.07105263157894737,0,0,0,0.07105263157894737,0.07105263157894737,0,0.07105263157894737,0.07105263157894737,0,0,0.07105263157894737,0.07105263157894737,0,0.07105263157894737,0.07105263157894737,0,0.07105263157894737,0.07105263157894737,0.005263157894736842,0.07105263157894737,0.026644736842105263,0,0.5104166666666666,0.4583333333333333,0.037037037037037035,0.35262345679012347,0.34509259259259256,0.531810124089029,0.24691358024691357,0.24458333333333332,31.24848757562122,0.2659050620445145,0.21141975308641975,0.5394788361534242,0.6368880420265326,7.999401933066866e-6,1.8905882840209713,0.5298896986409297,0.060398593265479916,1.0279530730342539,0.31404320987654316,0.41125,0.3333333333333333,0,1.8905882840209713,6,4.999810597287766e-6,0.5082146015268395,0.35416666666666663,0.37473004329296866
Roc de Marsal,111_0,Roc de Marsal,Layer 4,TRUE,Late Pleistocene,Middle Paleolithic,Mousterian,70000,60000,4,Cave,NA,NA,NA,West Europe,France,1,Infant,1,0,0,0,Indet,Funerary Context,Inhumation single,Formal excavation,NA,H. neanderthalensis,Roc de Marsal 111_0 30-48 month,"1) Madre-Dupouy, M. (1992). L'enfant du Roc de Marsal: étude analytique et comparative. 2) Sandgathe, D. M., Dibble, H. L., Goldberg, P., & McPherron, S. P. (2011). The Roc de Marsal Neandertal child: A reassessment of its status as a deliberate burial. Journal of Human Evolution, 61(3), 243–253.",0.421085259048222,0.421085259048222,0.334841628959276,1,0,0.9166666666666666,0,0,0.7916666666666666,0,0,1,1,0,1,0,0,0,1,1,0,1,0,0,1,0,0.3148148148148148,1,0.25,0.09615384615384616,0.08795614722004699,0,0.08062646828504307,0,0,0.0696319498825372,0,0,0.08795614722004699,0.08795614722004699,0,0.08795614722004699,0,0,0,0.08795614722004699,0.08795614722004699,0,0.08795614722004699,0,0,0.08795614722004699,0,0.027689898198903683,0.08795614722004699,0.021989036805011748,0.008457321848081442,0.4305555555555556,0.44871794871794873,0.20548433048433049,0.3555318138651472,0.42873219373219373,0.4514817863757975,0.2623456790123457,0.38666666666666666,2.4122769852360038,0.22574089318789875,0.18637226970560306,0.6731914785281521,0.5641357013333889,0.25975055688776594,1.7579277513244151,0.4346406153529533,0.006518041715946832,0.8596123870789715,0.2694681861348528,0.5741666666666667,0.2222222222222222,0,1.7579277513244151,7,9.999682022331176e-6,0.16445157474340322,0.2361111111111111,0.3795529911645989
Roc de Orenetes,112_0,Roc de les Orenetes,NA,TRUE,Holocene,Chalcolithic,Late Chalcolithic and Early Bronze Age,4330,3650,1,Rockshelter,NA,NA,NA,West Europe,Spain,51,Mixed,0,5,7,39,Mixed,Funerary Context,Collective burial,Formal excavation,NA,H. sapiens,Roc de Orenetes 112_0 35,NA,11.910546586472513,0.23354012914651984,0.20397480259071954,0.9215686274509803,0.13725490196078433,0.22712418300653595,0,0.1568627450980392,0.3627450980392157,0,0.5784313725490197,0,0,0.35294117647058826,0,0,0,0.5882352941176471,0,0,0.6470588235294118,0,0,0.46078431372549017,0,0,0.1953522149600581,0.9215686274509803,0.5980392156862745,0.15761689291101055,0.1461512054130076,0.02176720080619262,0.03601953466739017,0,0.024876800921362997,0.05752760213065193,0,0.09173320339752605,0,0,0.05597280207306674,0,0,0,0.09328800345511123,0,0,0.10261680380062235,0,0,0.0730756027065038,0,0,0.030980830777067807,0.1461512054130076,0.09484280351269642,0.024996400925792625,0.46582244008714596,0.5590749120160885,0.17648455393553433,0.3693764780366087,0.3275797441483716,0.5009258185249941,0.17967804405712903,0.1742156862745098,1.2813405956817427,0.25046290926249704,0.37939686795895944,0.714898609354226,0.37678211090387304,0.2221393074361866,1.4575866825239874,0.4017387108743747,0.1874600956053547,0.8721634977283311,0.16902221477384877,0.3658006535947712,0.18845315904139434,0,1.4575866825239874,3,0.22530538310086504,0.7432306773774576,0.39324618736383443,0.28927074674940434
Saccopastore I Saccopastore II,113_1 113_2,Saccopastore,NA,TRUE,Late Pleistocene,Middle Paleolithic,NA,130000,120000,5e,NA,NA,Open air,Fluvial deposits,West Europe,Italy,2,Adult,0,0,0,2,Indet,Geological transport,NA,NA,NA,H. neanderthalensis,Saccopastore I 113_1 gravel pit; Saccopastore II 113_2 gravel pit,"Schwartz, J. H. (2002). The Human Fossil Record, Volume 1, Terminology and Craniodental Morphology. John Wiley & Sons.",0.07407407407407407,0.037037037037037035,0.004524886877828055,1,0,0,0,0,0,0,0,0,0,0,0,0,0,0,0,0,0,0,0,0,0,0,0,0,0,0,1,0,0,0,0,0,0,0,0,0,0,0,0,0,0,0,0,0,0,0,0,0,0,0,0,0,0,0,0,0,0,0,1,0,0,1,1,0,0,0,0,1,0.9,0.3979077550336272,3.162277660168379,0,0.25,0,1,1,1,1.1111109876544583e-6,1.067033966571821,0,0.24537568032842474
Saint-Césaire,114_0,Saint-Césaire,Couche châtelperronien,TRUE,Late Pleistocene,Upper Paleolithic,Châtelperronien,42000,40000,3,Rockshelter,NA,NA,NA,West Europe,France,1,Adult,0,0,0,1,Male,Unknown,NA,Formal excavation,NA,H. neanderthalensis,Saint-Césaire 114_0 young adult,"Vandermeersch, B. (1984). À propos de la découverte du squelette néandertalien de Saint-Césaire. Bulletins et Mémoires de la Société d'anthropologie de Paris, 1(3), 191-196.                                                   Trinkaus, E., Churchill, S. E., Ruff, C. B., & Vandermeersch, B. (1999). Long bone shaft robusticity and body proportions of the Saint-Césaire 1 Châtelperronian Neanderthal. Journal of Archaeological Science, 26(7), 753-773.",0.1574074074074074,0.1574074074074074,0.027149321266968326,1,0,0,0,0,0,0,0,0,0,0,0,0,0,0,0,1,0,0,1,0,0,1,0,0,0.25,0,0.23529411764705882,0,0,0,0,0,0,0,0,0,0,0,0,0,0,0,0.23529411764705882,0,0,0.23529411764705882,0,0,0.23529411764705882,0,0,0.058823529411764705,0,0.10416666666666666,0.08333333333333333,0,0.06944444444444445,0.05208333333333333,0.8823529411764706,0.05555555555555555,0,1,0.7058823529411764,0.027777777777777776,0.13709830483024874,-11.14829675127864,1.3333311111263702e-6,1.439979264298594e-5,0.8176470588235294,0.5263329031826769,2.219240598732692,-0.06944444444444445,0.25,0.16666666666666666,0.5294117647058822,1.439979264298594e-5,2,1.4285691836878133e-6,1.2200829748539594,0.20833333333333331,0.21637579318221065
Saint-Germain-la-Rivière,115_0,Saint-Germain-la-Rivière (Magdalenian burial “Dame de Saint-Germain-la-Rivière”),Terrasse supérieure,TRUE,Late Pleistocene,Upper Paleolithic,Magdalenian,19934,18996,2,Rockshelter,NA,NA,NA,West Europe,France,1,Adult,0,0,0,1,Female,Funerary Context,Inhumation single,Formal excavation,NA,H. sapiens,"Saint-Germain-la-Rivière 115_0 20–25 yrs, Only part of the skeleton was separated from the enclosing matrix,  feet disarticulated with only a few elements recovered, rib fragments set to 3. We assume left hand to be complete","1) Blanchard, R. (1972). Le gisement et le squelette de Saint-Germain-la-Riviere. Archives de l'Institut de Paleontolgie Humaine, 34, 1-115.  2) Vanhaeren, M., & d’Errico, F. (2005). Grave goods from the Saint-Germain-la-Rivière burial: evidence for social inequality in the Upper Palaeolithic. Journal of Anthropological archaeology, 24(2), 117-134.",0.3741954204917168,0.3741954204917168,0.34841628959276016,1,0,0.20833333333333334,0,0,0.125,0,0,1,0,0,1,0,0,0,1,0,0,1,1,0,1,1,0.9814814814814815,0,0.75,0.038461538461538464,0.09897779344377863,0,0.020620373634120552,0,0,0.01237222418047233,0,0,0.09897779344377863,0,0,0.09897779344377863,0,0,0,0.09897779344377863,0,0,0.09897779344377863,0.09897779344377863,0,0.09897779344377863,0.09897779344377863,0.09714487134296793,0,0.07423334508283398,0.003806838209376102,0.2986111111111111,0.26282051282051283,0.50997150997151,0.36906457739791076,0.31034009971509974,0.5689464061483841,0.47530864197530864,0.10875,3.4721810192052356,0.287131831140306,-0.2124881291547958,0.4857942470934795,-1.4881137156541822,7.999524685527331e-6,0.2257981736494645,0.5777971834903287,0.4434481777005105,1.1589649236105748,-0.28573124406457745,0.31708333333333333,0.2777777777777778,0.005317256132227888,0.2257981736494645,4,4.999848959966872e-6,1.4377965311505305,0.5138888888888888,0.30112149370476354
SM 1 SM 2 SM 3 SM 4,116_1 116_2 116_3 116_4,Sambungmacan,Solo River alluvium,TRUE,Late Pleistocene,NA,NA,48200,25200,3,NA,NA,Open air,Fluvial deposits,Southeast Asia,Indonesia,4,Adult,0,0,0,4,Indet,Geological transport,NA,Casual,NA,H. erectus,SM 1 116_1 NA; SM 2 116_2 NA; SM 3 116_3 NA; SM 4 116_4 NA,"1 ) Baba, H., Aziz, F., Kaifu, Y., Suwa, G., Kono, R. T., & Jacob, T. (2003). Homo erectus calvarium from the Pleistocene of Java. Science, 299(5611), 1384–1388. 2) Márquez, S., Mowbray, K., Sawyer, G. J., Jacob, T., & Silvers, A. (2001). New fossil hominid calvaria from Indonesia—Sambungmacan 3. The Anatomical Record, 262, 344–368. 3) Broadfield, D. C., Holloway, R. L., Mowbray, K., Silvers, A., Yuan, M. S., & Márquez, S. (2001). Endocast of Sambungmacan 3 (Sm 3): A new Homo erectus from Indonesia. The Anatomical Record, 262, 369–379. 4) Falguères, C., Sémah, F., Saleki, H., Hameau, S., Tu, H., Féraud, G., Simanjuntak, H., & Widianto, H. (2016). Geochronology of early human settlements in Java: What is at stake? Quaternary International, 416, 5–11.",0.11574074074074074,0.028935185185185185,0.004524886877828055,0.75,0,0,0,0,0,0,0,0,0,0,0,0,0,0,0,0,0,0,0,0,0,0,0,0,0.03125,0,0.96,0,0,0,0,0,0,0,0,0,0,0,0,0,0,0,0,0,0,0,0,0,0,0,0,0.04,0,0.0078125,0.010416666666666666,0,0.005208333333333333,0.00390625,1,0,0,1,0.96,0.010416666666666666,0.020318949200312558,-8.558207167506852,1.1428519185584069e-6,1.919631430765293e-4,0.892,0.40747531985432384,3.0243456592570013,-0.005208333333333333,0.1875,0,0.9199999999999999,1.919631430765293e-4,1,1.2499947918486393e-6,0.8067874870774944,0.015625,0.18187570038970907
C.212-211 C.2 (B1)-636 C.3 (B1)-121 C.4 (B1)-125 C.118-318-320 C.118-368-infant C.120-165-171-173 C128-680-767-799 C128-680-Infant C.129-100-038-040-050-051-141 C.129-141-juvenil C.130-166-167 C.140-197 C.143-175 C.150-152 C.156-141-142 C.161-98-87-97-98 C.170-338 C.175-102-73-76 C.177-106-114-115-116 C.179-178-173-174 C.184-108 C.188-119-131 C.198-170 C.198-170-infant C.199-172 C.199-172-infant C.207-192 C.212-786 C.212-786-infant C.124-216 C.214b-358 C.215-203-145-185 C.215-203-infant C.218-213-209-199 C.220-176-184 C.211-326 C.225-325-364-365-168 C.226-330 C.227-343 C.229-340 C.230-339 C.231-332 C.232-344-214-663 C.234-377-372 C.238-402-533 C.239-403 C.241-410 C.245-429-526-565 C.245-429-infant C.248-600-690-710-479 C.250-441 C.251-371-488 C.252-357 C.254-476 C.255-524 C.259-527 C.260-587-532-802 C.261b-549-544 C.262-942-943 C.264-519-630 C.270-559 C.276-577 C.277-576-696 C.279-592 C.286-652 C.288-654-658 C.289-620-439-581-539 C.296-653 C.297-691-694-696-601-714 C.298-692 C.300-905-931-973 C.301-642-554-649-693 C.304-687-714 C.316-318-322-331-335 C.318-991-888-959-893 C.322-907 C.331-914-678-697 C.335-886-970-983-992,117_1 117_2 117_3 117_4 117_5 117_6 117_7 117_8 117_9 117_10 117_11 117_12 117_13 117_14 117_15 117_16 117_17 117_18 117_19 117_20 117_21 117_22 117_23 117_24 117_25 117_26 117_27 117_28 117_29 117_30 117_31 117_32 117_33 117_34 117_35 117_36 117_37 117_38 117_39 117_40 117_41 117_42 117_43 117_44 117_45 117_46 117_47 117_48 117_49 117_50 117_51 117_52 117_53 117_54 117_55 117_56 117_57 117_58 117_59 117_60 117_61 117_62 117_63 117_64 117_65 117_66 117_67 117_68 117_69 117_70 117_71 117_72 117_73 117_74 117_75 117_76 117_77 117_78 117_79,San Juan ante Portam Latinam,NA,TRUE,Holocene,Neolithic,Late Neolithic,5330,4950,1,Rockshelter,NA,NA,NA,West Europe,Spain,79,Mixed,14,18,17,30,Indet,Funerary Context,Collective burial,Casual,Complete,H. sapiens,"C.212-211 117_1 2-4yrs, 2 phalanges divided into 1 hand and 1 foot; C.2 (B1)-636 117_2 NA; C.3 (B1)-121 117_3 25-30yrs; C.4 (B1)-125 117_4 NA; C.118-318-320 117_5 40-45yrs, mandible with nr 320, bones with nr 368 associated to infant  C.118-368; C.118-368-infant 117_6 Bones commingled with C.118-318; C.120-165-171-173 117_7 4-5 yrs; C128-680-767-799 117_8 50+yrs; C128-680-Infant 117_9 Bones commingled with C.118-318; C.129-100-038-040-050-051-141 117_10 20yrs; C.129-141-juvenil 117_11 7yrs, Bones commingled with C.129-100....; C.130-166-167 117_12 4-9yrs, 2 phalange divided into 1 hand and 1 foot; C.140-197 117_13 NA; C.143-175 117_14 NA; C.150-152 117_15 NA; C.156-141-142 117_16 4-8yrs; C.161-98-87-97-98 117_17 30-35yrs; C.170-338 117_18 NA; C.175-102-73-76 117_19 12-15yrs; C.177-106-114-115-116 117_20 NA; C.179-178-173-174 117_21 NA; C.184-108 117_22 45-50yrs; C.188-119-131 117_23 12-14yrs; C.198-170 117_24 15-18yrs; C.198-170-infant 117_25 NA; C.199-172 117_26 20yrs; C.199-172-infant 117_27 NA; C.207-192 117_28 25-30yrs; C.212-786 117_29 35-40yrs; C.212-786-infant 117_30 two phalanges divided into 1 hand and 1 foot; C.124-216 117_31 12-15yrs, C.124b; C.214b-358 117_32 C.124; C.215-203-145-185 117_33 40-45yrs; C.215-203-infant 117_34 NA; C.218-213-209-199 117_35 15-18yrs, Phalanges: 17 divided into 9 hand and 8 foot.; C.220-176-184 117_36 Phalanges: 6 divided into 3 hand and 3 foot.; C.211-326 117_37 20yrs; C.225-325-364-365-168 117_38 50yrs; C.226-330 117_39 9-11yrs, almost all rib set to 10 right and 10 left, Vertebrae: “almost the whole spine” set to 5v, 10t and 3v. 10 phalanges divided into 5 hands and 5 foot.; C.227-343 117_40 20-25yrs; C.229-340 117_41 12-15yrs; C.230-339 117_42 25-30yrs; C.231-332 117_43 20-25yrs; C.232-344-214-663 117_44 40-45yrs; C.234-377-372 117_45 20-25yrs, Phalanges 2 divided into 1 foot and 1 hand.; C.238-402-533 117_46 15-18yrs; C.239-403 117_47 12-24month; C.241-410 117_48 6-10yrs, phalage 1 set to hand; C.245-429-526-565 117_49 12-15yrs; C.245-429-infant 117_50 NA; C.248-600-690-710-479 117_51 25-30yrs; C.250-441 117_52 4-6yrs; C.251-371-488 117_53 3-5yrs; C.252-357 117_54 15-18yrs, 11 phalanges divided into 6 hand and 5 foot.; C.254-476 117_55 The 8 phalanges divided into 4 hand and 4 foot.; C.255-524 117_56 9-12yrs, 4 phalanges divided into 2 hand and 2 foot.; C.259-527 117_57 The 7 phalanges divided into 4 hand and 3 foot.; C.260-587-532-802 117_58 50+yrs, 587 mostly double inventory left out, comminglied infant no bones listed; C.261b-549-544 117_59 15-18yrs; C.262-942-943 117_60 25-30yrs; C.264-519-630 117_61 NA; C.270-559 117_62 40-45yrs; C.276-577 117_63 NA; C.277-576-696 117_64 phalage 1 set to foot; C.279-592 117_65 8-12yrs; C.286-652 117_66 45-50yrs; C.288-654-658 117_67 12-15yrs, Middle phalanges, 2 divided into 1 hand and 1 foot.; C.289-620-439-581-539 117_68 NA; C.296-653 117_69 35-40yrs; C.297-691-694-696-601-714 117_70 25-30yrs, 1 phalanx set to foot; C.298-692 117_71 4-8yrs, 2 phalanges divided into 1 hand and 1 foot.; C.300-905-931-973 117_72 45-50yrs; C.301-642-554-649-693 117_73 6-10yrs; C.304-687-714 117_74 50+yrs; C.316-318-322-331-335 117_75 NA; C.318-991-888-959-893 117_76 40-45yrs; C.322-907 117_77 NA; C.331-914-678-697 117_78 NA; C.335-886-970-983-992 117_79 20-25yrs",NA,23.975448981745277,0.3034866959714592,0.15373159974798098,0.9240506329113924,0.02531645569620253,0.3001054852320675,0.0010126582278481013,0.0759493670886076,0.11181434599156119,0,0.0189873417721519,0.5316455696202531,0.46835443037974683,0.0379746835443038,0.4050632911392405,0.46835443037974683,0,0.006329113924050633,0.6455696202531646,0.5949367088607594,0.0379746835443038,0.5443037974683544,0.43037974683544306,0.0189873417721519,0.5822784810126582,0.4936708860759494,0.13478668541959682,0.759493670886076,0.46360759493670883,0.11319376825705939,0.11276967975708328,0.0030895802673173503,0.03662439941882442,1.23583210692694e-4,0.009268740801952051,0.013645646180651632,0,0.0023171852004880127,0.06488118561366435,0.05715723494537098,0.0046343704009760255,0.049433284277077605,0.05715723494537098,0,7.723950668293376e-4,0.07878429681659244,0.07260513628195774,0.0046343704009760255,0.066425975747323035,0.052522864544394955,0.0023171852004880127,0.07106034614829905,0.06024681521268833,0.01644915420099515,0.09268740801952051,0.056577938645248974,0.013813988695216998,0.39464662447257387,0.44543167802661476,0.12399022683832811,0.3044278252611586,0.2727960799163331,0.5375754693407062,0.16342397249570245,0.1366824894514768,5.388178788002063,0.29506022001407184,0.2820077055309123,0.6337289278085209,0.41832543360953595,0.15291029717938207,1.5194150626808272,0.48814709597777056,0.218355852038837,0.9831029082444396,0.15812491735487522,0.326292194092827,0.189873417721519,0.05254497068743744,1.5194150626808272,4,0.10764391734411521,0.7695796024876558,0.3267405063291139,0.27220031793787525
Santa Maira Adults Santa Maira Infant,118_1 118_2,Coves de Santa Maira,"Level SM-3, Level SM-4",TRUE,Holocene,Mesolithic,Notches & Denticulates / Geometric,10200,9000,1,Cave,NA,NA,NA,West Europe,Spain,3,Mixed,1,0,0,2,Indet,Cannibalism,NA,Formal excavation,Partial,H. sapiens,Santa Maira Adults 118_1 NA; Santa Maira Infant 118_2 2yrs,"Morales-Pérez, J. V., Salazar-García, D. C., de Miguel Ibáñez, M. P., i Estruch, C. M., Pardo, J. F. J., Cebrián, C. C. V., ... & Tortosa, J. E. A. (2017). Funerary practices or food delicatessen? Human remains with anthropic marks from the Western Mediterranean Mesolithic. Journal of Anthropological Archaeology, 45, 115-130.",0.15194681861348527,0.050648939537828425,0.021116138763197588,0.3333333333333333,0,0.013888888888888888,0,0,0.05555555555555555,0,0,0,0,0.16666666666666666,0,0,0,0.3333333333333333,0,0,0,0,0,0,0,0,0,0.3333333333333333,0.125,0.006410256410256411,0.24375000000000002,0,0.01015625,0,0,0.040625,0,0,0,0,0.12187500000000001,0,0,0,0.24375000000000002,0,0,0,0,0,0,0,0,0,0.24375000000000002,0.09140625000000001,0.004687500000000001,0.13078703703703703,0.15491452991452992,0.0032051282051282055,0.08825973409306742,0.07126424501424501,0.7379142884172685,0.021604938271604937,0.017083333333333332,0.5208513014095304,0.36895714420863424,0.133309591642925,0.36290098884115957,0.715748734674447,7.997285185749485e-6,2.0457178088408585,0.6637728233105231,0.1796109286368449,1.4726612405002855,0.09229582146248813,0.09347222222222222,0.037037037037037035,0,2.0457178088408585,2,4.999143979151837e-6,0.3016192805043675,0.08101851851851852,0.12050792568769712
Scladina,119_0,Scladina Cave,Layer 4A,TRUE,Late Pleistocene,Middle Paleolithic,Mousterian,127000,80000,5,Cave,NA,NA,NA,West Europe,Belgium,1,Juvenil,0,1,0,0,Female,Unknown,NA,NA,NA,H. neanderthalensis,Scladina 119_0 8yrs,"Smith, T. M., Toussaint, M., Reid, D. J., Olejniczak, A. J., & Hublin, J. J. (2007). Rapid dental development in a middle Paleolithic Belgian Neanderthal. Proceedings of the National Academy of Sciences, 104(51), 20220-20225.",0.037037037037037035,0.037037037037037035,0.004524886877828055,1,0,0,0,0,0,0,0,0,0,0,0,0,0,0,0,0,0,0,0,0,0,0,0,0,0,0,1,0,0,0,0,0,0,0,0,0,0,0,0,0,0,0,0,0,0,0,0,0,0,0,0,0,0,0,0,0,0,0,1,0,0,1,1,0,0,0,0,1,0.9,0.3979077550336272,3.162277660168379,0,0.25,0,1,1,1,1.1111109876544583e-6,1.067033966571821,0,0.24537568032842474
Shanidar I Shanidar II Shanidar III Shanidar IV Shanidar V Shanidar VI Shanidar VII Shanidar VIII Shanidar IX,120_1 120_2 120_3 120_4 120_5 120_6 120_7 120_8 120_9,Shanidar Cave,Layer D,TRUE,Late Pleistocene,Middle Paleolithic,Mousterian,65000,35000,3,Cave,NA,NA,NA,West Asia,Iraq,9,Mixed,2,1,0,6,Indet,Funerary Context,Inhumation multiple,Formal excavation,Partial,H. neanderthalensis,Shanidar I 120_1 30yrs; Shanidar II 120_2 20-30yrs; Shanidar III 120_3 42yrs; Shanidar IV 120_4 30-40yrs; Shanidar V 120_5 35-50yrs; Shanidar VI 120_6 25yrs; Shanidar VII 120_7 New born (6-9 month); Shanidar VIII 120_8 NA; Shanidar IX 120_9 New born (6-12 month),"Trinkaus, E. (2014). The shanidar neandertals. Academic Press.",2.592091379128416,0.2880101532364907,0.2317747611865259,0.7777777777777778,0,0.4074074074074074,0,0.1111111111111111,0.2824074074074074,0,0,0.2222222222222222,0.2222222222222222,0,0.5555555555555556,0.5555555555555556,0,0,0.5555555555555556,0.5555555555555556,0,0.4444444444444444,0.4444444444444444,0,0.5555555555555556,0.5555555555555556,0.2242798353909465,0.5555555555555556,0.5138888888888888,0.23717948717948717,0.10001933625751824,0,0.05239108089679527,0,0.014288476608216891,0.03631654471255127,0,0,0.028576953216433783,0.028576953216433783,0,0.07144238304108447,0.07144238304108447,0,0,0.07144238304108447,0.07144238304108447,0,0.057153906432867566,0.057153906432867566,0,0.07144238304108447,0.07144238304108447,0.028841554635104467,0.07144238304108447,0.06608420431300313,0.030500401990616828,0.3429783950617284,0.4355413105413105,0.23072966128521682,0.30556215046955787,0.29731976100031654,0.4224307519959402,0.17558299039780523,0.1687037037037037,2.9569750434607056,0.24641793866429845,0.2599583201435053,0.726476229897686,0.11438841431912114,0.2245091512767824,1.1211875256101078,0.39852033900769895,0.23868335937156793,0.7612643062085349,0.037030442123034746,0.3307407407407407,0.1728395061728395,0.07040512533265669,1.1211875256101078,4,9.999630823589718e-6,0.6279380371840932,0.34336419753086417,0.20965312435123412
SP-96,121_1,Sima de las Palomas,"Upper stratigraphic levels (including ""Conglomerado B"") and lower levels 5 and 6",TRUE,Late Pleistocene,Middle Paleolithic,Mousterian,65000,50000,3,Cave,Vertical shaft (Sima),NA,NA,West Europe,Spain,1,Adult,0,0,0,1,Female,Funerary Context,Collective burial,Formal excavation,Partial,H. neanderthalensis,SP-96 121_1 NA,"1) Walker, M. J., Gibert, J., López, M. V., Lombardi, A. V., Pérez-Pérez, A., Zapata, J., ... & Trinkaus, E. (2008). Late Neandertals in Southeastern Iberia: Sima de las Palomas del Cabezo Gordo, Murcia, Spain. Proceedings of the National Academy of Sciences, 105(52), 20631–20636. 2) Trinkaus, E., Walker, M.J., Bayle, P., Alcaraz, M., Zapata, J., & Lombardi, A.V. (2017). The People of Palomas: Neandertals from the Sima de las Palomas del Cabezo Gordo, Southeastern Spain. College Station: Texas A&M University Press.",0.438957475994513,0.438957475994513,0.3031674208144796,1,0,0.4166666666666667,0,0,0.25,0,0,1,0,0,1,0,0,0,1,1,0,1,1,0,1,1,0.6851851851851852,1,0.5,0,0.084375,0,0.03515625000000001,0,0,0.02109375,0,0,0.084375,0,0,0.084375,0,0,0,0.084375,0.084375,0,0.084375,0.084375,0,0.084375,0.084375,0.05781250000000001,0.084375,0.0421875,0,0.5,0.5,0.3425925925925926,0.44753086419753085,0.40273148148148147,0.4737257654180191,0.3950617283950617,0.17583333333333334,3.472201620542051,0.23686288270900954,0.1049382716049383,0.6228050783387533,0.2650127524430509,7.999806463358493e-6,1.3034475978136437,0.47157645407491877,0.21860266596083722,0.887656774893255,0.13580246913580252,0.38416666666666666,0.3333333333333333,0,1.3034475978136437,6,4.99993701913218e-6,0.937265931735075,0.41666666666666663,0.33127146185114875
SH-89,122_0,Sima de los Huesos 89,NA,TRUE,Middle Pleistocene,Lower Paleolithic,Acheulean / pre-Neanderthal,430000,430000,12,Cave,Cave Interior,NA,NA,Europe,Spain,16,Indet,0,0,0,0,Mixed,Unknown,NA,Formal excavation,Partial,Middle Pleistocene hominin,SH-89 122_0 NA,NA,0.6028410889522,0.0376775680595125,0.017816742081447963,0.375,0,0.013020833333333334,0,0,0,0,0.09375,0,0,0.0625,0,0,0,0.15625,0,0,0.0625,0,0,0.1875,0,0,0.013888888888888888,0,0.03125,0.021634615384615384,0.36862487692812607,0,0.012799474893337711,0,0,0,0,0.09215621923203152,0,0,0.06143747948802101,0,0,0,0.15359369872005252,0,0,0.06143747948802101,0,0,0.18431243846406303,0,0,0.013652773219560224,0,0.030718739744010504,0.021266819822776502,0.025607638888888888,0.017628205128205128,0.017761752136752136,0.022992343304843305,0.018871861645299144,0.7987812619017391,0.028356481481481483,0.009765625,13021.833333333334,0.712961787482544,-0.010728276353276354,0.21846322449446476,-0.5685773166305627,3.999424962956157e-6,0.5663305749273279,0.7403453091278406,0.47074636236167955,2.1722052520591038,-0.009971509971509971,0.09700520833333333,0.04513888888888889,0.6271423130633489,0.5663305749273279,1,3.333010890615065e-6,0.41932079697821695,0.03819444444444445,0.08311851956272977
SH-90,123_0,Sima de los Huesos 90,NA,TRUE,Middle Pleistocene,Lower Paleolithic,Acheulean / pre-Neanderthal,430000,430000,12,Cave,Cave Interior,NA,NA,Europe,Spain,14,Indet,0,0,0,0,Mixed,Unknown,NA,Formal excavation,Partial,Middle Pleistocene hominin,SH-90 123_0 NA,NA,0.8041706236150681,0.05744075882964772,0.041693600517129926,0.6428571428571429,0,0.023809523809523808,0,0,0,0,0.14285714285714285,0,0,0.10714285714285714,0,0,0,0.17857142857142858,0,0,0.07142857142857142,0,0,0.07142857142857142,0,0,0.06349206349206349,0.07142857142857142,0.13392857142857142,0.04395604395604396,0.4145057324213945,0,0.01535206416375535,0,0,0,0,0.0921123849825321,0,0,0.06908428873689908,0,0,0,0.11514048122816513,0,0,0.04605619249126605,0,0,0.04605619249126605,0,0,0.040938837770014266,0.04605619249126605,0.08635536092112385,0.028342272302317572,0.07068452380952381,0.0831043956043956,0.05372405372405373,0.06503103378103378,0.05174946581196581,0.7349989168893061,0.046957671957671955,0.01636904761904762,23810.52380952381,0.6082749657014948,0.036146723646723646,0.32828440526206576,-0.13977919365708208,7.998768489403127e-6,0.8695502164059818,0.6667846053866705,0.47829508745059957,1.8232089434050462,-0.008483414733414733,0.16666666666666669,0.03571428571428571,0.4815510145136834,0.8695502164059818,1,4.999611235033602e-6,0.7128300117863577,0.08482142857142858,0.139175707101767
SH-95,124_0,Sima de los Huesos 95,NA,TRUE,Middle Pleistocene,Lower Paleolithic,Acheulean / pre-Neanderthal,430000,430000,12,Cave,Cave Interior,NA,NA,Europe,Spain,16,Indet,0,0,0,0,Mixed,Unknown,NA,Formal excavation,Partial,Middle Pleistocene hominin,SH-95 124_0 NA,NA,3.635011079455524,0.22718819246597025,0.2050339366515837,1.1875,0,0.140625,0,0.0625,0.07291666666666667,0,0.5,0,0,0.4375,0,0,0,0.5625,0,0,0.4375,0,0,0.46875,0,0,0.2847222222222222,1.125,0.609375,0.24519230769230768,0.1935905251240965,0,0.022925193764695637,0,0.010188975006531395,0.01188713750761996,0,0.08151180005225116,0,0,0.07132282504571975,0,0,0,0.09170077505878255,0,0,0.07132282504571975,0,0,0.07641731254898546,0,0,0.04641644169642079,0.1834015501175651,0.09934250631368109,0.039972132717930854,0.5134548611111112,0.6598557692307693,0.26495726495726496,0.43062232905982906,0.3450761217948718,0.5857234476096151,0.2013888888888889,0.08328125,3.879230917767786,0.30077690552926184,0.4584668803418804,0.5550885170294969,0.3972120618082204,0.13950747836565464,1.4876713748850194,0.5349374768294894,0.2792454503115078,1.1013596317011847,0.21000267094017094,0.34109375,0.16319444444444445,0.015830363448908535,1.4876713748850194,4,9.999418166848398e-6,1.2291315917668868,0.3862847222222222,0.3691577427956012
SH-15,125_0,Sima de los Huesos 15,NA,TRUE,Middle Pleistocene,Lower Paleolithic,Acheulean / pre-Neanderthal,430000,430000,12,Cave,Cave Interior,NA,NA,Europe,Spain,28,Indet,0,0,0,0,Mixed,Unknown,NA,Formal excavation,Partial,Middle Pleistocene hominin,SH-15 125_0 NA,NA,5.81073915796138,0.20752639849862073,0.24628312863606983,0.6071428571428571,0.07142857142857142,0.3154761904761905,0,0.14285714285714285,0.1755952380952381,0,0.35714285714285715,0,0,0.48214285714285715,0,0,0,0.42857142857142855,0,0,0.44642857142857145,0,0,0.44642857142857145,0,0,0.34325396825396826,1.1071428571428572,0.39732142857142855,0.2822802197802198,0.10835620262991236,0.012747788544695571,0.05630273273907211,0,0.025495577089391142,0.031338313505709946,0,0.06373894272347785,0,0,0.0860475726766951,0,0,0,0.07648673126817343,0,0,0.07967367840434732,0,0,0.07967367840434732,0,0,0.06126020606200927,0.19759072244278134,0.07090957377986912,0.050378279729518076,0.4477926587301587,0.5955815018315018,0.312767094017094,0.4027841371591372,0.3524154838217338,0.4900906309873241,0.20998677248677247,0.15348214285714287,3.6201885114979553,0.31651686584598016,0.3855947293447294,0.7068857179008287,0.4369662008453093,0.2078966726971793,1.5480037549537482,0.4251445902625031,0.061137326119459656,0.8937346348874474,0.22072776760276758,0.27029761904761906,0.1468253968253968,0.14294310070463623,1.5480037549537482,6,0.18474892300913698,0.4134810945991267,0.2720734126984127,0.3029119668399902
SH-24,126_0,Sima de los Huesos 24,NA,TRUE,Middle Pleistocene,Lower Paleolithic,Acheulean / pre-Neanderthal,430000,430000,12,Cave,Cave Interior,NA,NA,Europe,Spain,29,Indet,0,0,0,0,Mixed,Unknown,NA,Formal excavation,Partial,Middle Pleistocene hominin,SH-24 126_0 NA,NA,5.941898807639548,0.2048930623323982,0.24262755500078015,0.6896551724137931,0.06896551724137931,0.3045977011494253,0,0.13793103448275862,0.1695402298850575,0,0.3448275862068966,0,0,0.46551724137931033,0,0,0,0.41379310344827586,0,0,0.43103448275862066,0,0,0.43103448275862066,0,0,0.3288633461047254,1.0689655172413792,0.38362068965517243,0.2937665782493369,0.12466397774872305,0.012466397774872306,0.05505992350568602,0,0.02493279554974461,0.030646561196561086,0,0.062331988874361526,0,0,0.08414818498038806,0,0,0,0.07479838664923383,0,0,0.07791498609295192,0,0,0.07791498609295192,0,0,0.05944624864869664,0.19322916551052075,0.0693443376227272,0.053102059752581074,0.4323515325670498,0.5821175950486295,0.31131496217703114,0.39200600910371025,0.34259646085077117,0.502550300299141,0.20189442315879097,0.1481896551724138,3.6201874376629672,0.30547175116222297,0.3802231718898385,0.7016636079384607,0.428998479669109,0.2019520974001821,1.5357186995949956,0.43017669832509897,0.09501246203335201,0.8927061028618497,0.21000548514916323,0.28683908045977013,0.14176245210727967,0.10839320202530489,1.5357186995949956,6,0.17997542321078377,0.5150844912420239,0.2626915708812261,0.297181961292544
Sorginzulo,127_0,Sorginzulo,NA,TRUE,Holocene,Bronze Age,NA,4000,3500,1,Cave,NA,NA,NA,West Europe,Spain,4,Mixed,1,1,0,2,Indet,Cuevas Sepulcrales,NA,NA,NA,H. sapiens,Sorginzulo 127_0 Surface disposal / Secondary position,"ARMENDARIZ, A., & ETXEBERRIA, F. (1983). Las cuevas sepulcrales de la Edad del Bronce en Guipúzcoa. Munibe, 35(3-4), 247-354.",0.39540466392318246,0.09885116598079562,0.13687782805429866,0.25,0,0.052083333333333336,0,0,0.8958333333333334,0,0.25,0,0,0.125,0,0,0,0.125,0,0,0.125,0,0,0.625,0,0,0.06481481481481481,0,0.15625,0,0.09366869037294016,0,0.019514310494362534,0,0,0.3356461405030356,0,0.09366869037294016,0,0,0.04683434518647008,0,0,0,0.04683434518647008,0,0,0.04683434518647008,0,0,0.2341717259323504,0,0,0.02428447528187337,0,0.0585429314830876,0,0.07899305555555555,0.052083333333333336,0.032407407407407406,0.06346450617283951,0.1078587962962963,0.611032531824611,0.07484567901234568,0.13614583333333333,0.12112607490060102,0.38638821865379813,-0.022762345679012343,0.4744725914784418,-0.7084451727597451,3.999860727144839e-6,0.4924092138317188,0.5875780014976288,0.008697672901702203,1.2285597768065923,-0.03221450617283951,0.18302083333333333,0.09722222222222222,0.16174390548298526,0.4924092138317188,2,3.333251514412482e-6,0.06820707886247272,0.1267361111111111,0.13612689385602553
Spy I & II,128_0,Spy cave,3rd Ossiferous Horizon,TRUE,Late Pleistocene,Middle Paleolithic,Mousterian,36000,36000,3,Cave,Cave Entrance,NA,NA,West Europe,Belgium,2,Adult,0,0,0,2,Mixed,Unkown,NA,Formal excavation,NA,H. neanderthalensis,Spy I & II 128_0 Divided 6 metapodials and 23 phalanges between hand(3/12) and foot(3/11).,"1) Fernández-Jalvo, Y., & Andrews, P. (2019). Spy cave (Belgium) Neanderthals (36,000 y BP): Taphonomy and peri-mortem traumas of Spy I and Spy II-Murder or accident. Quaternary Science Reviews, 217, 119–129. 2) Semal, P., Rougier, H., Crevecoeur, I., Jungels, C., Flas, D., Hauzeur, A., Maureille, B., Germonpré, M., Bocherens, H., & Pirson, S. (2009). New data on the late Neandertals: Direct dating of the Belgian Spy fossils. American Journal of Physical Anthropology, 138, 421–428",0.5494618550174106,0.2747309275087053,0.11538461538461539,1,0,0,0,0,0,0,0,0,0,0,0.5,0.5,0,0,1,1,0.25,0.5,0.5,0,0.5,1,0.1388888888888889,0,0.375,0.15384615384615385,0.13481204090450813,0,0,0,0,0,0,0,0,0,0,0.06740602045225406,0.06740602045225406,0,0,0.13481204090450813,0.13481204090450813,0.03370301022612703,0.06740602045225406,0.06740602045225406,0,0.06740602045225406,0.13481204090450813,0.018723894570070575,0,0.05055451533919055,0.020740313985308945,0.1840277777777778,0.1762820512820513,0.14636752136752137,0.17147435897435898,0.12860576923076925,0.6777251184834123,0.16666666666666669,0.020833333333333332,1,0.49289099526066354,0.009615384615384609,0.3593953771770109,-1.4147141284871159,2.6666382523840937e-6,0.2429950688885702,0.6669299631384941,0.6729667685261204,1.5201397472296907,-0.12980769230769232,0.25,0.2777777777777778,0.3080568720379147,0.2429950688885702,3,2.499979396165116e-6,1.35336980561139,0.3263888888888889,0.17637156703086082
Steinheim,129_0,Steinheim an der Murr,Antiquus-Schotter,TRUE,Middle Pleistocene,NA,NA,340000,225000,9,NA,NA,Open air,Fluvial deposits,West Europe,Germany,1,Adult,0,0,0,1,Female,Unknown,NA,Quarry,NA,Middle Pleistocene hominin,Steinheim 129_0 Homo steinheimensis,"Wahl, J., König, H., & Ziegler, R. (2009). Die Defekt-und Verformungsspuren am Schädel des Urmenschen von Steinheim an der Murr. Fundberichte aus Baden-Württemberg, 30, 7-28.                      Schwartz, J.H., Tattersall, I., 2002. The Human Fossil Record, Vol. 1: Terminology and Craniodental Morphology of Genus Homo (Europe). University of Chicago Press, Chicago.",0.037037037037037035,0.037037037037037035,0.004524886877828055,1,0,0,0,0,0,0,0,0,0,0,0,0,0,0,0,0,0,0,0,0,0,0,0,0,0,0,1,0,0,0,0,0,0,0,0,0,0,0,0,0,0,0,0,0,0,0,0,0,0,0,0,0,0,0,0,0,0,0,1,0,0,1,1,0,0,0,0,1,0.9,0.3979077550336272,3.162277660168379,0,0.25,0,1,1,1,1.1111109876544583e-6,1.067033966571821,0,0.24537568032842474
Sunghir 1 Sunghir 2 Sunghir 3 Sunghir 4 Sunghir 5 Sunghir 6,130_1 130_2 130_3 130_4 130_5 130_6,Sunghir,NA,TRUE,Late Pleistocene,Upper Paleolithic,Gravettian,30000,20000,3,Open air,NA,NA,NA,Eastern Europe,Russia,6,Mixed,0,0,2,4,Indet,Funerary Context,Inhumation multiple,Casual,NA,H. sapiens,"Sunghir 1 130_1 Discovered during work at a clay pit, Inhumation single & Inhumation multiple. Large number of rib fragments set to 10. Only took Sunghir 1-6 since in Trinkhaus: ""The currently lost Sunghir 7 to 9 remains cannot be inventoried
in detail.""; Sunghir 2 130_2 Discovered during work at a clay pit, Inhumation single & Inhumation multiple. Rib 8/9 left = Rib 8 left.  Only took Sunghir 1-6 since in Trinkhaus: ""The currently lost Sunghir 7 to 9 remains cannot be inventoried
in detail.""; Sunghir 3 130_3 Discovered during work at a clay pit, Inhumation single & Inhumation multiple. Only took Sunghir 1-6 since in Trinkhaus: ""The currently lost Sunghir 7 to 9 remains cannot be inventoried
in detail.""; Sunghir 4 130_4 Discovered during work at a clay pit, Inhumation single & Inhumation multiple. Only took Sunghir 1-6 since in Trinkhaus: ""The currently lost Sunghir 7 to 9 remains cannot be inventoried
in detail.""; Sunghir 5 130_5 Discovered during work at a clay pit, Inhumation single & Inhumation multiple. Only took Sunghir 1-6 since in Trinkhaus: ""The currently lost Sunghir 7 to 9 remains cannot be inventoried
in detail.""; Sunghir 6 130_6 Discovered during work at a clay pit, Inhumation single & Inhumation multiple. Only took Sunghir 1-6 since in Trinkhaus: ""The currently lost Sunghir 7 to 9 remains cannot be inventoried
in detail.""","Trinkaus, E., Buzhilova, A. P., Mednikova, M. B., & Dobrovolskaya, M. V. (2014). The People of Sunghir: Burials, Bodies, and Behavior in the Earlier Upper Paleolithic. Oxford University Press.",1.7559749920861032,0.2926624986810172,0.27677224736048267,0.8333333333333334,0,0.40277777777777773,0,0,0.3958333333333333,0,0,0.5,0.5,0,0.5,0.5,0,0,0.5,0.5,0,0.5,0.3333333333333333,0,0.5,0.3333333333333333,0.3148148148148148,0.5,0.5,0.2884615384615385,0.10546003560402913,0,0.0509723505419474,0,0,0.050093516911913834,0,0,0.06327602136241747,0.06327602136241747,0,0.06327602136241747,0.06327602136241747,0,0,0.06327602136241747,0.06327602136241747,0,0.06327602136241747,0.042184014241611646,0,0.06327602136241747,0.042184014241611646,0.03984045789485544,0.06327602136241747,0.06327602136241747,0.03650539693985624,0.3287037037037037,0.4294871794871795,0.30163817663817666,0.319681861348528,0.3138586182336182,0.3986999654971184,0.20987654320987653,0.1898611111111111,2.119877146845426,0.249187478435699,0.21961063627730298,0.7552171326541582,0.04181654422458087,0.25691331049195193,1.04270317128425,0.36763075953195357,0.28453313793488855,0.7093397724188525,0.013651471984805319,0.3565277777777778,0.14814814814814814,0.0996749913742796,1.04270317128425,6,9.999676621389751e-6,0.6768622904291277,0.32407407407407407,0.20065113078074504
Tabun Cave,131_0,Tabun Cave (Mugharet et-Tabun),Layer C,TRUE,Late Pleistocene,Middle Paleolithic,Mousterian,138000,106000,5,Cave,NA,NA,NA,West Asia,Levant / Occupied Palestine,1,Adult,0,0,0,1,Female,Funerary Context,Inhumation single,Formal excavation,Complete,H. neanderthalensis,Tabun Cave 131_0 NA,"1) NSB: Data 2) Garrod, D. A. E., & Bate, D. M. A. (1937). The Stone Age of Mount Carmel, Volume I: Excavations at the Wady el-Mughara. Clarendon Press. 3) Grün, R., & Stringer, C. (2000). Tabun revisited: revised ESR chronology and new ESR and U-series analyses of dental material from Tabun CI. Journal of Human Evolution, 39, 601-612.",0.49671573282684395,0.49671573282684395,0.36199095022624433,1,0,0.3333333333333333,0,1,0.3333333333333333,0,0,1,0,0,0,1,0,0,1,1,0,1,1,0,1,1,0.3888888888888889,1,0.875,0.4807692307692308,0.074563849279056793,0,0.024854616426352262,0,0.074563849279056793,0.024854616426352262,0,0,0.074563849279056793,0,0,0,0.074563849279056793,0,0,0.074563849279056793,0.074563849279056793,0,0.074563849279056793,0.074563849279056793,0,0.074563849279056793,0.074563849279056793,0.028997052497410976,0.074563849279056793,0.0652433681191747,0.035848004461085,0.59375,0.7852564102564102,0.43482905982905984,0.5407763532763533,0.4697489316239316,0.42034543772510485,0.2962962962962963,0.16999999999999998,1.8518471193678552,0.21017271886255243,0.48896011396011396,0.7240939172340082,0.07575284501988308,0.32854555988497997,1.078695936135536,0.39525494669337236,0.3199427616207591,0.7566705523988881,0.042556980056980054,0.3783333333333333,0.3333333333333333,0,1.078695936135536,7,9.999746509004318e-6,1.089315485547926,0.6041666666666666,0.2968952326437261
Tepecik-Çiftlik,132_0,Tepecik-Çiftlik,Level 5 (BB structure),TRUE,Holocene,Neolithic,Central Anatolian Pottery Neolithic,8700,8545,1,NA,NA,Open-air,NA,"Central Anatolia, West Asia",Turkey,42,Mixed,2,12,0,15,Mixed,Funerary Context,Collective burial,Formal excavation,Complete,H. sapiens,"Tepecik-Çiftlik 132_0 Commingled collective burial with primary and secondary deposits; skull removal and reduction practices; small bones underrepresented; MLNI up to 47. Phalanges (total) 696 divided equaly between hands and foot, atlas 14, axis 15,  "" * "" = indet!","Büyükkarakaya, A. M., Çakan, Y. G., Godon, M., Erdal, Y. S., & Bıçakçı, E. (2019). Handling dead bodies: Investigating the formation process of a collective burial from Neolithic Tepecik-Çiftlik, Central Anatolia (Turkey). Journal of Anthropological Archaeology, 56, 101118.",15.716867152052338,0.3742111226679128,0.30305968541262657,0.7857142857142857,0,0.4563492063492064,0,0,0.2857142857142857,0,0,0.4523809523809524,0.40476190476190477,0,0.35714285714285715,0.3333333333333333,0,0.2857142857142857,0.6428571428571429,0.6904761904761905,0.23809523809523808,0.6666666666666666,0.8095238095238095,0.25,0.5952380952380952,0.8571428571428571,0.3117283950617284,0.5,0.8571428571428571,0.32371794871794873,0.07776500306313414,0,0.045166542183133464,0,0,0.028278182932048774,0,0,0.044773789642410564,0.04006075915373576,0,0.035347728665060967,0.03299121342072357,0,0.028278182932048774,0.06362591159710974,0.06833894208578455,0.02356515244337398,0.06598242684144714,0.08012151830747152,0.02474341006554268,0.05891288110843495,0.08483454879614633,0.030852894032343342,0.04948682013108536,0.08483454879614633,0.032039543802818087,0.45221560846560843,0.5602869352869353,0.31772317188983856,0.4073847962736852,0.3797251051417718,0.42967193494831835,0.25448265726043506,0.18061507936507937,3.3275293247283035,0.2241766617121661,0.30580427802650023,0.7398966335585786,-0.25882385482539655,0.26846789556179784,0.7719589879192873,0.3808177090337376,0.31302812425007653,0.7241415316897915,-0.0929006692895582,0.34480158730158733,0.32275132275132273,0.018681388476013833,0.7719589879192873,7,9.99968929518444e-6,0.8286382778934333,0.5899470899470899,0.22948576309644228
Teshik-Tash,133_0,Teshik-Tash Cave,Layer I,TRUE,Late Pleistocene,Middle Paleolithic,Mousterian,80000,50000,45752,Cave,NA,NA,NA,Central Asia,Uzbekistan,1,Juvenil,0,1,0,0,Indet,Funerary Context,Inhumation single,Formal excavation,NA,H. neanderthalensis,"Teshik-Tash 133_0 Inhumation single (Disputed), several ribs set to 2. 8-11yrs","1) Okladnikov, A. P. (1949). The Mousterian Site of Teshik-Tash: The Neanderthal Man in Central Asia. Academy of Sciences of the Uzbek SSR. 2) Dibble, H. L., & Bar-Yosef, O. (Eds.). (1995). The Definition and Interpretation of Levallois Technology. Prehistory Press. (Contains critical re-evaluations of sites like Teshik-Tash). 3) Schwartz, J.H., Tattersall, I., 2003. The Human Fossil Record, Vol. 2: Craniodental Morphology of Genus Homo (Africa and Asia). John Wiley & Sons, Hoboken.",0.16666666666666666,0.16666666666666666,0.04524886877828054,1,0,0.041666666666666664,0,0,0.08333333333333333,0,0,1,1,0,0,0,0,0,0,1,0,0,0,0,0,0,0,0,0.375,0,0.2222222222222222,0,0.009259259259259259,0,0,0.018518518518518517,0,0,0.2222222222222222,0.2222222222222222,0,0,0,0,0,0,0.2222222222222222,0,0,0,0,0,0,0,0,0.08333333333333333,0,0.14930555555555555,0.125,0,0.09953703703703703,0.08486111111111111,0.8189940436796823,0.07407407407407407,0.06208333333333333,1.041665625026041,0.5956320317670417,0.05092592592592593,0.2455629429737639,-0.17767922377061393,2.6665994104975673e-6,0.8372109377877878,0.7520847121111847,0.3687236584950989,1.8761710601422004,-0.016203703703703706,0.27041666666666664,0.05555555555555555,0.3722700198544011,0.8372109377877878,2,2.4999520852323533e-6,1.0231326227064153,0.2152777777777778,0.250267320787195
Torrejones,134_0,Cueva de los Torrejones,NA,TRUE,Holocene,Chalcolithic,NA,5000,5000,1,Cave,NA,NA,NA,West Europe,Spain,5,Mixed,0,2,1,2,Mixed,Funerary Context,"Collective burial (The paper refers to ""funerary purposes"" in the plural, implying more than one individual, and the context of other regional sites suggests collective use of caves for burial.)",Formal excavation,NA,H. sapiens,Torrejones 134_0 NA,"Sala, N., Pablos, A., Rodríguez-Hidalgo, A., Arriolabengoa, M., Alcaraz-Castaño, M., Cubas, M., ... & Gómez-Olivencia, A. (2021). Cueva de los Torrejones revisited. New insights on the paleoecology of inland Iberia during the Late Pleistocene. Quaternary Science Reviews, 253, 106765.",0.5038118602933418,0.10076237205866835,0.05701357466063348,1,0,0.09166666666666666,0,0,0.1,0,0.1,0,0,0.2,0,0,0,0.4,0,0,0.3,0,0,0,0,0,0.04814814814814815,0.4,0.05,0.03076923076923077,0.3675681336230594,0,0.03369374558211378,0,0,0.03675681336230594,0,0.03675681336230594,0,0,0.07351362672461188,0,0,0,0.14702725344922377,0,0,0.11027044008691782,0,0,0,0,0,0.01769772495222138,0.14702725344922377,0.01837840668115297,0.011309788726863368,0.14444444444444446,0.16025641025641027,0.03945868945868946,0.10944919278252613,0.09954522792022792,0.77935301329214,0.05864197530864198,0.04741666666666666,1.9097032700707621,0.5566807237801,0.10161443494776828,0.34452006386211514,0.7206352612963716,0.05699394591046265,2.0557387271767484,0.661995676604977,0.3293409230344676,1.7231439830426167,0.11555080721747388,0.28491666666666665,0.07777777777777778,0.33400843426806004,2.0557387271767484,2,9.99858654196723e-6,0.9502224274052151,0.06388888888888888,0.25349318500129986
Txispiri,135_0,Txispiri,NA,TRUE,Holocene,Bronze Age,NA,4000,3500,1,Cave,NA,NA,NA,West Europe,Spain,14,Mixed,2,1,0,11,Indet,Cuevas Sepulcrales,NA,NA,NA,H. sapiens,"Txispiri 135_0 Secondary position / Surface disposal . Possible skull cup and some remains are burned. Divided 100 metapodial indet
and Phalanges 70 indet by half each.","ARMENDARIZ, A., & ETXEBERRIA, F. (1983). Las cuevas sepulcrales de la Edad del Bronce en Guipúzcoa. Munibe, 35(3-4), 247-354.",2.9401181808589216,0.21000844148992298,0.129928894634777,0.7857142857142857,0,0.15476190476190474,0,0.21428571428571427,0.017857142857142856,0,0,0.6428571428571429,0.2857142857142857,0,0.21428571428571427,0.21428571428571427,0,0,0.42857142857142855,0.5714285714285714,0.32142857142857145,0,0,0,0.14285714285714285,0.5714285714285714,0.1335978835978836,0.35714285714285715,0.44642857142857145,0.1675824175824176,0.13856837798553664,0,0.02729377142139358,0,0.03779137581423726,0.0031492813178531057,0,0,0.1133741274427118,0.05038850108564969,0,0.03779137581423726,0.03779137581423726,0,0,0.07558275162847453,0.10077700217129938,0.0566870637213559,0,0,0,0.025194250542824845,0.10077700217129938,0.023561289859493604,0.0629856263570621,0.07873203294632763,0.029554793906006068,0.2619047619047619,0.32371794871794873,0.1505901505901506,0.22479989146655815,0.18955229955229955,0.5352180031610547,0.12588183421516755,0.07017857142857142,12.036178667585112,0.3412984367983537,0.19783611450278119,0.5966473405837021,0.04488114103122532,0.06711194597364316,1.0459035375045413,0.49770027968615743,0.4389677206547198,1.0382827033185058,0.010319156152489461,0.2383333333333333,0.13095238095238096,0.14737887043565273,1.0459035375045413,3,9.998795379720782e-6,0.8471285236002236,0.2886904761904762,0.1790358053698981
Txomen Koba Erdikua,136_0,Txomen Koba Erdikua,NA,TRUE,Holocene,Bronze Age,NA,4000,3500,1,Cave,NA,NA,NA,West Europe,Spain,3,Mixed,1,0,0,2,Indet,Cuevas Sepulcrales,NA,NA,NA,H. sapiens,Txomen Koba Erdikua 136_0 Burial / Disposal,"ARMENDARIZ, A., & ETXEBERRIA, F. (1983). Las cuevas sepulcrales de la Edad del Bronce en Guipúzcoa. Munibe, 35(3-4), 247-354.",0.21669568428827687,0.07223189476275896,0.042232277526395176,0.6666666666666666,0,0.125,0,0,0,0,0,0,0,0,0,0,0,0,0.3333333333333333,0.3333333333333333,0,0.3333333333333333,0,0,0,0,0.043209876543209874,0,0.08333333333333333,0.032051282051282055,0.3418345608375434,0,0.06409398015703939,0,0,0,0,0,0,0,0,0,0,0,0,0.1709172804187717,0.1709172804187717,0,0.1709172804187717,0,0,0,0,0.022155943757988922,0,0.04272932010469292,0.016434353886420356,0.034722222222222224,0.038461538461538464,0.03763057929724596,0.035691674580563465,0.0423937559354226,0.7870883984421103,0.03292181069958847,0.03125,125001,0.6628112828986192,0.0055397277619499904,0.23738564958887728,-10.482700752890846,2.6665845884675787e-6,2.801695338753214e-5,0.7426295290924113,0.4080422008412944,2.0208352988532248,-0.035691674580563465,0.19791666666666666,0.05555555555555555,0.5385341673551282,2.801695338753214e-5,1,2.4999413508672256e-6,0.6945273472365064,0.06944444444444445,0.15638501674740107
Txotxinkoba Adult Txotxinkoba Subadult,137_1 137_2,Txotxinkoba Cave,NA,TRUE,Holocene,Chalcolithic,NA,4500,4000,1,Cave,NA,NA,NA,West Europe,Spain,14,Mixed,0,3,0,11,Indet,Sepulchral Cave,NA,NA,NA,H. sapiens,"Txotxinkoba Adult 137_1 2 male 3 female; Txotxinkoba Subadult 137_2 one less then 6years,  two 6-16 years","García-Sagastibelza, A., López-Onaindia, D., Lambacher, N., Pomeroy, E., Cubas, M., Subirà, M. E., ... & Gómez-Olivencia, A. (2020). The funerary use of caves during the Holocene in the Atlantic Western Pyrenees: New information from Atxuri-I and Txotxinkoba caves (Biscay, Northern Iberian Peninsula). Quaternary International, 566, 171-190.",1.9413316450353488,0.13866654607395348,0.11861667744020685,0.5,0,0.19047619047619047,0,0.21428571428571427,0,0,0.42857142857142855,0,0,0.21428571428571427,0,0,0,0.42857142857142855,0,0,0.32142857142857145,0,0,0.5357142857142857,0,0,0.10846560846560847,0.42857142857142855,0.19642857142857142,0.1771978021978022,0.13354712468746602,0,0.05087509511903467,0,0.05723448200891401,0,0,0.11446896401782802,0,0,0.05723448200891401,0,0,0,0.11446896401782802,0,0,0.08585172301337102,0,0,0.14308620502228503,0,0,0.02897054027611697,0.11446896401782802,0.05246494184150451,0.04732851396890966,0.21875,0.2673992673992674,0.14283170533170533,0.1934439017772351,0.1694281644281644,0.5004628431290828,0.11948853615520282,0.07547619047619047,44.43430977216427,0.2694799924541215,0.14791073124406456,0.65413045457843,0.3254647960906629,0.02886533036380564,1.3846740875373371,0.44177477307525265,0.2789694740042675,0.8789225700123511,0.07441324107990774,0.1736904761904762,0.14285714285714285,0.03849714177916022,1.3846740875373371,2,9.997209288179504e-6,0.46074377814313316,0.16964285714285715,0.13847485548893487
Urdabide II,138_0,Urdabide II,NA,TRUE,Holocene,Bronze Age,NA,4000,3500,1,Cave,NA,NA,NA,West Europe,Spain,1,Adult,0,0,0,1,Female,Cuevas Sepulcrales,NA,NA,NA,H. sapiens,Urdabide II 138_0 Disposal,"ARMENDARIZ, A., & ETXEBERRIA, F. (1983). Las cuevas sepulcrales de la Edad del Bronce en Guipúzcoa. Munibe, 35(3-4), 247-354.",0.24691358024691357,0.24691358024691357,0.09049773755656108,1,0,0.375,0,1,0.16666666666666666,0,0,1,1,0,0,0,0,0,0,1,0,0,0,0,0,0,0,1,0.125,0,0.15,0,0.056249999999999994,0,0.15,0.024999999999999998,0,0,0.15,0.15,0,0,0,0,0,0,0.15,0,0,0,0,0,0,0,0.15,0.01875,0,0.3368055555555556,0.375,0,0.22453703703703703,0.22777777777777777,0.7086614173228346,0.07407407407407407,0.16041666666666665,3.7499725002749966,0.3543307086614173,0.30092592592592593,0.38897513663288663,0.9547153696939553,3.999908669816222e-6,2.597931027771093,0.6460629921259842,0.05759872370853536,1.3978087581659073,0.35879629629629634,0.36875,0.05555555555555555,0,2.597931027771093,3,3.333281482880372e-6,0.506445174324993,0.09027777777777778,0.3829630711289799
Urtiaga,139_0,Urtiaga,NA,TRUE,Holocene,Bronze Age,NA,4000,3500,1,Cave,NA,NA,NA,West Europe,Spain,6,Indet,1,0,0,5,Indet,Cuevas Sepulcrales,NA,NA,NA,H. sapiens,Urtiaga 139_0 Possible burial,"ARMENDARIZ, A., & ETXEBERRIA, F. (1983). Las cuevas sepulcrales de la Edad del Bronce en Guipúzcoa. Munibe, 35(3-4), 247-354.",0.5605676901973198,0.09342794836621997,0.17194570135746606,1,0,0.09027777777777778,0,0,0.006944444444444444,0,0.08333333333333333,0,0,0,0,0,0,0.25,0,0,0.08333333333333333,0,0,0.16666666666666666,0,0,0.3580246913580247,0,0.25,0.23397435897435895,0.3964235294117647,0,0.03578823529411764,0,0,0.0027529411764705878,0,0.03303529411764706,0,0,0,0,0,0,0.09910588235294117,0,0,0.03303529411764706,0,0,0.06607058823529412,0,0,0.1419294117647059,0,0.09910588235294117,0.09275294117647058,0.0798611111111111,0.1613247863247863,0.2959995251661918,0.15190724912947134,0.1256318257359924,0.6773006018739439,0.14248971193415638,0.026875,27.07551068012929,0.49873953410717686,0.018835074390629925,0.3620489063496621,-3.085190745404528,7.996704970881451e-6,0.045721311938266396,0.6700308692774316,0.5877557732243313,1.5370762552383717,-0.1449628046850269,0.2734027777777778,0.05555555555555555,0.3201784663404098,0.045721311938266396,3,4.998967592335307e-6,1.2638837000538985,0.1527777777777778,0.19787863667572259
Uxar,140_0,Uxar,NA,TRUE,Holocene,Bronze Age,NA,4000,3500,1,Cave,NA,NA,NA,West Europe,Spain,1,Adult,0,0,0,1,Indet,Cuevas Sepulcrales,NA,NA,NA,H. sapiens,Uxar 140_0 Surface disposal,"ARMENDARIZ, A., & ETXEBERRIA, F. (1983). Las cuevas sepulcrales de la Edad del Bronce en Guipúzcoa. Munibe, 35(3-4), 247-354.",0.12948454152157857,0.12948454152157857,0.09502262443438914,0,0,0.20833333333333334,0,0,0.08333333333333333,0,0,1,0,0,0,0,0,0,0,0,0,0,0,0,0,1,0.18518518518518517,1,0,0.019230769230769232,0,0,0.05959050626464297,0,0,0.023836202505857183,0,0,0.2860344300702862,0,0,0,0,0,0,0,0,0,0,0,0,0,0.2860344300702862,0.052969338901904854,0.2860344300702862,0,0.005500662116736274,0.2847222222222222,0.33974358974358976,0.1022079772079772,0.22388414055080721,0.19895477207977208,0.7591758925295123,0.10802469135802469,0.08291666666666667,5.208228127630143,0.6282834972658033,0.2317188983855651,0.2674772420507059,0.8835194973001466,7.999054542549719e-6,2.41939981069777,0.7283139269508561,0.036913803178329596,1.915281143425981,0.31778252611585944,0.06208333333333334,0.05555555555555555,0.49739110200209435,2.41939981069777,1,3.3332020094518104e-6,-0.3132985026239796,0.027777777777777776,0.29916408836223923
Vado all'Arancio,141_0,Vado all'Arancio,NA,TRUE,Late Pleistocene,Upper Paleolithic,Epigravettian,NA,NA,NA,Rockshelter,NA,NA,NA,West Europe,Italy,1,Adult,0,0,0,1,Male,Funerary Context,Inhumation single,Formal excavation,NA,H. sapiens,Vado all'Arancio 141_0 Left out n_infant: 1 (A child of about 2 years old),"Pardini, E., & Lombardi Pardini, E. C. (1981). I Paleolitici di Vado all'Arancio (Grosseto). Archivio per l'Antropologia e la Etnologia, CXI, 3-21.",0.40231613379761527,0.40231613379761527,0.36199095022624433,1,0,0.3333333333333333,0,0,0,0,0,1,1,0,0,0,0,0,1,1,0,1,1,0.5,0,0,0.7407407407407407,1,1,0.28846153846153844,0.09205953707953576,0,0.030686512359845253,0,0,0,0,0,0.09205953707953576,0.09205953707953576,0,0,0,0,0,0.09205953707953576,0.09205953707953576,0,0.09205953707953576,0.09205953707953576,0.04602976853976788,0,0,0.06819224968854501,0.09205953707953576,0.09205953707953576,0.02655563569601993,0.6111111111111112,0.7628205128205128,0.5146011396011396,0.5789411206077872,0.4758725071225071,0.41606163876129804,0.3950617283950617,0.125,333334.3333333333,0.20803081938064902,0.36775878442545107,0.6341788412509564,0.007557984365441017,7.99984467027304e-6,1.0075866180213924,0.4493554600681583,0.3138729308739069,0.8597630071932215,0.00439221272554613,0.3333333333333333,0.2777777777777778,0,1.0075866180213924,7,4.999948959041375e-6,1.2385542939969194,0.6388888888888888,0.3423366149285557
VB I VB II VB III VB IV VB V,142_1 142_2 142_3 142_4 142_5,Valdegoba Cave,"Level 5, Level 6, Level 8",TRUE,Late Pleistocene,Middle Paleolithic,Mousterian,180000,31000,5,Cave,Cave interior,NA,NA,West Europe,Spain,5,Mixed,1,0,2,2,Indet,Carnivore,Carnivore den (transport),Formal excavation,Partial,H. neanderthalensis,VB I 142_1 13 -14 yres; VB II 142_2 6-9 month / from tooth; VB III 142_3 NA; VB IV 142_4 less 15 yrs; VB V 142_5 NA,"1) Quam, R. M., Arsuaga, J. L., de Castro, J. M. B., Dı́ez, C. J., Lorenzo, C., Carretero, M., Garcí, N., & Ortega, A. I. (2001). Human remains from Valdegoba Cave (Huérmeces, Burgos, Spain). Journal of Human Evolution, 41(5), 385-435. https://doi.org/10.1006/jhev.2001.0486 2) Camarós, E., Cueto, M., Rosell, J., Díez, J. C., Blasco, R., Duhig, C., ... & Rivals, F. (2017). Hunted or scavenged Neanderthals? Taphonomic approach to hominin fossils with carnivore damage. International Journal of Osteoarchaeology, 27(4), 606-620.",0.03914740951777989,0.007829481903555978,0.0036199095022624436,0.2,0,0,0,0,0,0,0,0,0,0,0,0,0,0,0,0,0,0,0,0,0,0,0.0037037037037037034,0,0,0.007692307692307693,0.9460916442048518,0,0,0,0,0,0,0,0,0,0,0,0,0,0,0,0,0,0,0,0,0,0,0.01752021563342318,0,0,0.03638814016172507,0,0.002564102564102564,0.005698005698005698,0.001899335232668566,0.0014245014245014246,0.9824797843665768,0.0012345679012345679,0,1,0.9460916442048517,0.0013295346628679962,0.03068504060673294,-7.549785587837749,1.3332444703180102e-6,5.26222943620184e-4,0.8857142857142857,0.41568441377786336,2.975306620864685,-0.001899335232668566,0.05,0,0.9097035040431266,5.26222943620184e-4,0,1.4284887986170457e-6,0.21691891855086887,0,0.04807864871232836
Vilhonneur 1,143_0,"Les Garennes cave system (Grotte de Vilhonneur), Vilhonneur, Charente, France",NA,TRUE,Late Pleistocene,Upper Paleolithic,Early Gravettian,27110,26790,2,Cave,Cave interior,NA,NA,West Europe,France,1,Subadult,0,0,1,0,Male,Carnivore Scavenge (in situ),NA,Casual,NA,H. sapiens,"Vilhonneur 1 143_0 partial skeleton (ribs, vertebrae ..) set to two.","Henry-Gambier, D., Beauval, C. D., Airvaux, J., Aujoulat, N., Baratin, J. F., & Buisson-Catil, J. (2007). New hominid remains associated with Gravettian parietal art (Les Garennes, Vilhonneur, France). Journal of Human Evolution, 53(6), 747-750.",0.09876543209876543,0.09876543209876543,0.04524886877828054,1,0,0.08333333333333333,0,0,0.08333333333333333,0,0,0,0,0,0,0,0,0,0,0,0,0,0,0,0,0,0,1,0.5,0,0.375,0,0.03125,0,0,0.03125,0,0,0,0,0,0,0,0,0,0,0,0,0,0,0,0,0,0,0.375,0.1875,0,0.375,0.5,0,0.25,0.20291666666666666,0.7623888182973316,0,0.03083333333333333,2.083306250677066,0.3811944091486658,0.5,0.26696863148535654,0.6931451805659454,1.9999800005869818e-6,1.9999960000160002,0.716264294790343,0.1625311481410644,1.5922982541629473,0.25,0.2808333333333333,0,0,1.9999960000160002,3,1.9999836004444667e-6,0.9008100875770224,0.25,0.3822629686256364
Vindija fd/d,144_0,Vindija,Fd/d,TRUE,Late Pleistocene,Middle Paleolithic,Mousterian,45000,36000,3,Cave,NA,NA,NA,Central Europe,Croatia,1,Indet,0,0,0,0,Indet,Cannibalism,NA,NA,NA,Homo neanderthalensis,Vindija fd/d 144_0 NA,"Smith, F. H., Karavanić, I., Janković, I., Mauch Lenardić, J., & Radović, S. (2024). Vindija cave. A Late Neanderal Site in Northern Croatia.",0.037037037037037035,0.037037037037037035,0.004524886877828055,1,0,0,0,0,0,0,0,0,0,0,0,0,0,0,0,0,0,0,0,0,0,0,0,0,0,0,1,0,0,0,0,0,0,0,0,0,0,0,0,0,0,0,0,0,0,0,0,0,0,0,0,0,0,0,0,0,0,0,1,0,0,1,1,0,0,0,0,1,0.9,0.3979077550336272,3.162277660168379,0,0.25,0,1,1,1,1.1111109876544583e-6,1.067033966571821,0,0.24537568032842474
Vindija G1,145_0,Vindija,G1,TRUE,Late Pleistocene,Middle Paleolithic,Mousterian,44000,42000,3,Cave,NA,NA,NA,Central Europe,Croatia,1,Indet,0,0,0,0,Indet,Cannibalism,NA,NA,NA,H. neanderthalensis,Vindija G1 145_0 NA,"Smith, F. H., Karavanić, I., Janković, I., Mauch Lenardić, J., & Radović, S. (2024). Vindija cave. A Late Neanderal Site in Northern Croatia.",0.037037037037037035,0.037037037037037035,0.004524886877828055,1,0,0,0,0,0,0,0,0,0,0,0,0,0,0,0,0,0,0,0,0,0,0,0,0,0,0,1,0,0,0,0,0,0,0,0,0,0,0,0,0,0,0,0,0,0,0,0,0,0,0,0,0,0,0,0,0,0,0,1,0,0,1,1,0,0,0,0,1,0.9,0.3979077550336272,3.162277660168379,0,0.25,0,1,1,1,1.1111109876544583e-6,1.067033966571821,0,0.24537568032842474
Vindija G3,146_0,Vindija,G3,TRUE,Late Pleistocene,Middle Paleolithic,Mousterian,46000,38000,3,Cave,NA,NA,NA,Central Europe,Croatia,6,Mixed,0,1,1,4,Indet,Cannibalism,NA,NA,NA,H. neanderthalensis,Vindija G3 146_0 NA,"Smith, F. H., Karavanić, I., Janković, I., Mauch Lenardić, J., & Radović, S. (2024). Vindija cave. A Late Neanderal Site in Northern Croatia.",0.34399071436108475,0.05733178572684745,0.00980392156862745,1,0,0,0,0,0,0,0,0,0,0,0,0.16666666666666666,0,0,0.16666666666666666,0,0,0,0,0,0,0,0.0030864197530864196,0.16666666666666666,0.041666666666666664,0.0032051282051282055,0.6460122699386504,0,0,0,0,0,0,0,0,0,0,0,0.10766871165644172,0,0,0.10766871165644172,0,0,0,0,0,0,0,0.001993865030674847,0.10766871165644172,0.02691717791411043,0.002070552147239264,0.057870370370370364,0.07051282051282051,0.0031457739791073127,0.03962883823994935,0.02972162867996201,0.9425529874364631,0.00874485596707819,0.003472222222222222,1,0.8079025606598255,0.06176796454574232,0.10686506837566785,0.8233200882929114,3.9983091544698884e-6,2.27805062516685,0.8413062242255683,0.3906550589777481,2.521386844652151,0.050648939537828425,0.25,0.009259259259259259,0.6732521338831878,2.27805062516685,1,3.3323927318442543e-6,1.043432277456916,0.02546296296296296,0.24361953103584946
Vunda Locus 26M Vunda Locus 26H,147_1 147_2,Vunda Locus,"26M, 26H",TRUE,Holocene,NA,Middle Period,1150,150,1,NA,NA,Open Air,NA,Oceania (South Pacific),Fiji,5,Indet,0,1,0,2,Indet,Cannibalism,NA,Formal excavation,NA,Homo sapiens,"Vunda Locus 26M 147_1 800-1600 AD; Vunda Phase (“Middle Period”), Teeth = 2; Vunda Locus 26H 147_2 800-1600 AD; Vunda Phase (“Middle Period”)","Degusta, D. (2000). Fijian cannibalism and mortuary ritual: bioarchaeological evidence from Vunda. International Journal of Osteoarchaeology, 10(1), 76-92.                                                   Bello, S. M. (2025). The archaeology of cannibalism: A review of the taphonomic traits associated with survival and ritualistic cannibalism. Journal of Archaeological Method and Theory, 32(1), 11.",0.3236915690619394,0.06473831381238788,0.05429864253393665,0.6,0,0.125,0,0,0.09166666666666666,0,0,0,0,0,0,0,0,0.1,0,0,0.1,0,0,0.2,0,0,0.037037037037037035,0.2,0.275,0.019230769230769232,0.34326229574996947,0,0.07151297828124364,0,0,0.05244285073957867,0,0,0,0,0,0,0,0,0.057210382624994914,0,0,0.057210382624994914,0,0,0.11442076524998983,0,0,0.021189030601849967,0.11442076524998983,0.157328552218736,0.011001996658652868,0.12986111111111112,0.16474358974358977,0.028133903133903133,0.09595204178537513,0.09308903133903135,0.6506968308919182,0.02716049382716049,0.042249999999999996,2.840867253016977,0.446192112611601,0.13758309591642928,0.424664017551821,0.041321262211207674,7.998873286079518e-6,1.0421868670268861,0.6315982830290217,0.34552790267270905,1.3936263842098673,0.004047958214624878,0.19225,0.04444444444444444,0.24168739433128386,1.0421868670268861,2,4.999643711034088e-6,0.5892564241867941,0.15972222222222224,0.1516077104221601
WE A WE B WE C WE D WE E WE F WE G WE H,148_1 148_2 148_3 148_4 148_5 148_6 148_7 148_8,Weimar-Ehringsdorf,Lower Travertine,TRUE,Middle Pleistocene,Lower Paleolithic,NA,245000,230000,7,NA,NA,Open air,Travertine deposit,West Europe,Germany,8,Mixed,0,1,1,6,Indet,Unknown,NA,Quarry,NA,H. neanderthalensis,"WE A 148_1 NA; WE B 148_2 Male ?; WE C 148_3 Ado-Adult, Female?; WE D 148_4 NA; WE E 148_5 NA; WE F 148_6 Adult?; WE G 148_7 11yrs; WE H 148_8 NA","1) Vlcek, E. (1993). Fossile Menschenfunde von Weimar-Ehringsdorf. Weimarer Monographien zur ur-und Frühgeschichte, 30.  2) Data NSB",0.5192043895747599,0.06490054869684499,0.020361990950226245,0.875,0,0.026041666666666668,0,0,0.08333333333333333,0,0,0.125,0.125,0,0,0,0,0,0.125,0,0,0.125,0.125,0,0.125,0,0.0023148148148148147,0,0.015625,0,0.49933949801849403,0,0.014861294583883751,0,0,0.047556142668428,0,0,0.071334214002642,0.071334214002642,0,0,0,0,0,0.071334214002642,0,0,0.071334214002642,0.071334214002642,0,0.071334214002642,0,0.0013210039630118888,0,0.00891677675033025,0,0.016059027777777776,0.005208333333333333,0.0011574074074074073,0.01109182098765432,0.016574074074074074,0.9081051277338725,0.016975308641975308,0.021718750000000002,0.6510503904069065,0.8684065429149054,-0.011766975308641976,0.09192691790186751,-0.06279505830461958,3.998714006254906e-6,0.9391359220761732,0.8307204557985665,0.382070758882466,2.703510417969908,-6.751543209876538e-4,0.23526041666666667,0.027777777777777776,0.8287079580959382,0.9391359220761732,1,3.332617546496746e-6,0.9006829814251739,0.021701388888888888,0.21413240120764343
Xemxija,149_0,Xemxija tombs,NA,TRUE,Holocene,Neolithic,NA,5450,4400,1,Cave,Cave Interior,NA,NA,Europe,Malta,112,Mixed,0,0,0,0,Mixed,Funerary Context,Collective burial,Formal excavation,NA,H. sapiens,Xemxija 149_0 NA,NA,17.762688614540465,0.15859543405839702,0.16043148028442147,0.22321428571428573,0.026785714285714284,0.09300595238095237,0,0.08928571428571429,0.12723214285714285,0,0,0.32142857142857145,0.3392857142857143,0.017857142857142856,0.14285714285714285,0.17857142857142858,0,0,0.30357142857142855,0.3482142857142857,0,0.3392857142857143,0.24107142857142858,0,0.35714285714285715,0.2857142857142857,0.2359457671957672,0.11607142857142858,0.265625,0.22991071428571427,0.052127577419105724,0.006255309290292686,0.02171982392462738,0,0.02085103096764229,0.02971271912889026,0,0,0.07506371148351224,0.0792339176770407,0.004170206193528457,0.03336164954822766,0.04170206193528458,0,0,0.07089350528998378,0.08131902077380493,0,0.0792339176770407,0.05629778361263418,0,0.08340412387056916,0.06672329909645532,0.05510077998301027,0.027106340257934975,0.06203181712873581,0.05369140474167889,0.14267113095238096,0.20386904761904762,0.23292824074074076,0.17275683421516755,0.14905051256613758,0.3477324884280222,0.14164462081128748,0.06686755952380952,1.4796325209977716,0.18415435723079532,0.062224426807760136,0.829242040661513,-0.5422563197914692,0.11591228385120617,0.5814348682232416,0.31122693915168637,0.4743202881747919,0.5923184667887852,-0.07231040564373897,0.1014657738095238,0.10416666666666666,0.020576226033568457,0.5814348682232416,1,0.0902285818973682,0.3147495475968889,0.18489583333333331,0.06194451105743294
{Name} I,150_0,Boquete de Zafarraya,Units UG–UE,TRUE,Late Pleistocene,Middle Paleolithic,Mousterian,46000,33000,3,Cave,Cave Entrance,NA,NA,West Europe,Spain,9,Indet,0,0,0,0,Indet,Cannibalism,NA,Formal excavations,NA,H. neanderthalensis,"{Name} I 150_0 The human remains were attributed to a minimum of 9 Neandertal individuals - Michel, V., et al (2013).","Michel, V., Delanghe-Sabatier, D., Bard, E., & Barroso Ruiz, C. (2013). U-series, ESR and 14C studies of the fossil remains from the Mousterian levels of Zafarraya Cave (Spain): A revised chronology of Neandertal presence. Quaternary Geochronology, 15, 20–33",0.12725546058879392,0.014139495620977102,0.004524886877828055,0.1111111111111111,0,0,0,0,0.004629629629629629,0,0,0,0,0.05555555555555555,0,0,0,0.05555555555555555,0,0,0,0,0,0,0,0,0,0.1111111111111111,0.041666666666666664,0.002136752136752137,0.291044776119403,0,0,0,0,0.012126865671641791,0,0,0,0,0.1455223880597015,0,0,0,0.1455223880597015,0,0,0,0,0,0,0,0,0,0.291044776119403,0.10914179104477613,0.005597014925373135,0.04205246913580247,0.05163817663817664,0.0010683760683760685,0.028391104779993667,0.02157110636277303,0.7833553721774936,0.0051440329218107,0.0028703703703703703,4.4979759108401213e-4,0.3916776860887468,0.04649414371636594,0.2908349486079065,0.7513317381927372,3.997560408589456e-6,2.119821184500384,0.7090487588504094,0.18315651919094778,1.5987955453700076,0.031794080405191515,0.028333333333333332,0.006172839506172839,0,2.119821184500384,0,3.331967737430425e-6,0.10382927536055828,0.023919753086419752,0.04099123596182558
Zelaibizkar I,151_0,Zelaibizkar I,NA,TRUE,Holocene,Bronze Age,NA,4000,3500,1,Cave,NA,NA,NA,West Europe,Spain,2,Adult,0,0,0,2,Indet,Cuevas Sepulcrales,NA,NA,NA,H. sapiens,Zelaibizkar I 151_0 Surface disposal/ Sencondary posture,"ARMENDARIZ, A., & ETXEBERRIA, F. (1983). Las cuevas sepulcrales de la Edad del Bronce en Guipúzcoa. Munibe, 35(3-4), 247-354.",0.2716840772396328,0.1358420386198164,0.08823529411764706,0,0,0.4583333333333333,0,0.5,0,0,0,0,0,0,1,0,0,0,0,0.5,0,0.5,0,0,0,0,0.05555555555555555,0.5,0.125,0.028846153846153848,0,0,0.12496358869793184,0,0.13632391494319837,0,0,0,0,0,0,0.27264782988639674,0,0,0,0,0.13632391494319837,0,0.13632391494319837,0,0,0,0,0.015147101660355374,0.13632391494319837,0.03408097873579959,0.007864841246722983,0.1909722222222222,0.21794871794871795,0.042200854700854704,0.1413817663817664,0.16457799145299146,0.7278717257944107,0.06481481481481481,0.13791666666666666,45.8288504482885,0.37975916128404036,0.15313390313390313,0.39750641456356184,0.724144158708585,0.04106008530662743,2.062964773790718,0.6415495472102307,0.15927895710482687,1.4240692221549351,0.1502849002849003,0.11708333333333333,0.05555555555555555,0.031646596773670044,2.062964773790718,2,4.999512956398501e-6,-0.40027557448796225,0.09027777777777778,0.17191699207552127
SH-PNAS,175_0,Sima de los Huesos PNAS,NA,TRUE,Middle Pleistocene,Lower Paleolithic,Acheulean / pre-Neanderthal,430000,430000,12,Cave,Cave Interior,NA,NA,Europe,Spain,15,Indet,0,0,0,0,Mixed,Unknown,NA,Formal excavation,Partial,Middle Pleistocene hominin,SH-PNAS 175_0 NA,NA,3.3965389891315816,0.22643593260877212,0.28205128205128205,1,0,0.2972222222222222,0,0.26666666666666666,0.16666666666666666,0,0.3,0,0,0.4666666666666667,0,0,0,0.4,0,0,0.4666666666666667,0,0,0.43333333333333335,0,0,0.4197530864197531,1.2,0.325,0.37179487179487175,0.1635651930783808,0,0.04861521016496318,0,0.04361738482090155,0.027260865513063465,0,0.04906955792351424,0,0,0.07633042343657771,0,0,0,0.06542607723135233,0,0,0.07633042343657771,0,0,0.07087825033396501,0,0,0.06865699462549318,0.19627823169405695,0.05315868775047376,0.060812699990680036,0.44930555555555557,0.6322649572649572,0.39577397910731243,0.4314616967394745,0.37141571699905035,0.5539711789595212,0.2306584362139918,0.12758333333333333,3.4830438184969186,0.3021660976142843,0.40160652105096545,0.6175160170121173,0.43093524915026454,0.2061091605913507,1.5386959148631996,0.4878061775223431,0.18104142176754,0.9986929603608701,0.23242719214941437,0.3456388888888889,0.14444444444444443,0.050361016269047376,1.5386959148631996,6,9.999601872026319e-6,0.902700155604968,0.23472222222222222,0.3589206676889177
